word,count
pronounced,6
roleplay,2
landlord,1
everythings,1
nother,2
tightly,2
haircare,1
guatamalan,1
dogão,1
claimant,1
submit,4
tresseme,1
length,6
inheritence,1
projecting,3
overthinking,4
full,117
marks,8
chalk,1
dojng,1
gendercurious,1
naww,1
givers,1
mayburi,1
salsa,3
tangent,2
languages,12
genderqueer,2
panel,7
souop,1
looove,1
ahhhh,10
hehehehehehehehehe,1
abdominal,2
volitions,1
apostles,1
gooning,42
knowledge,20
calculator,1
ritilin,1
robotic,1
whyismybrainallweirdrn,1
chakras,1
hope,121
gimmie,1
gems,1
lizord,1
rediscovered,1
biceps,7
pees,1
zhshdjfj,1
omeletes,1
pubic,1
foun,1
highlights,5
compiler,1
goddess,8
ridiculously,1
welp,20
reschedule,1
filth,3
𓁏,1
allahs,1
mutt,3
krom,1
breakfast,15
swat,1
globe,1
canibalized,1
darwin,1
backrooms,1
decide,16
sexually,1
invalid,2
byte,1
thruple,1
diagnostic,1
tiddy,14
shonen,2
formats,1
reddit,25
musketeers,1
geez,2
tourney,1
jungle,1
godz,1
scissors,2
byyyyyy,1
florian,3
counting,7
knockback,1
haunts,4
enquires,1
techniques,4
cleopatras,1
uffish,1
rending,1
needs,44
honk,6
talkin,2
whoagg,1
metal,15
solution,4
sooooo,3
teacher,3
waaa,1
benjamin,4
embody,2
occurance,1
imediatly,1
vitamin,1
ahead,16
frog,35
changing,18
lowkey,8
tuah,4
perception,2
absurdity,1
lumberjackmaxxing,1
wendy,1
bada,2
picked,15
saber,5
nappie,1
ftmtf,2
beersarsaparilla,1
swings,1
ajdhskjfhkjd,1
citizen,1
hera,1
matter,31
predetermined,1
mangaka,1
ovarrrr,1
waterproof,1
morally,8
terminals,1
hailpraise,1
ovaries,1
monhun,5
axis,2
protection,6
chewy,2
linux,19
jester,5
transportation,1
kdrama,1
jumpscare,3
impatient,1
pokecenter,7
tales,2
patpat,2
levent,1
makeout,1
khorne,1
vocals,1
anatomy,3
seeking,3
systemrpg,1
okayu,2
offered,8
mutiniy,1
cooks,5
articulately,1
incestuousness,1
proletariat,1
etested,1
reacts,3
agab,2
badmington,2
emperor,5
poggers,17
cannibalism,3
veil,1
dorm,3
chaturbate,1
redo,1
sames,1
inattentive,2
gell,1
precum,3
throguh,2
tenderness,2
valheim,1
burns,3
pumpkins,3
insta,14
waitlist,1
ejsidhsishosdhis,1
mold,4
prayers,2
walks,7
batches,1
archival,1
solid,10
stranger,2
keys,3
rhomboids,1
leaking,3
jess,1
spanks,1
circuiting,1
loose,15
statistical,2
susrock,1
velcro,1
recieved,1
yaaay,2
exist,27
maintain,3
pinned,11
capitalism,1
slash,1
artoriaking,1
explored,3
pupppuuu,1
shelleyoras,1
pods,1
boss,67
exact,18
silghtly,1
variation,2
swap,1
kart,1
credentials,1
frames,17
waterdeep,1
outofservice,1
teds,2
confuseddd,1
abotu,1
lumiapout,1
desert,3
below,11
everytime,26
browser,2
subclass,1
melodies,1
rent,7
whites,2
permenatn,1
hatchet,2
made,291
understandable,15
goodslut,1
salvation,1
frowges,1
rendered,2
done,109
whered,2
worser,1
office,17
sawthat,1
contacting,1
piece,34
realm,4
simiral,1
shid,9
bullied,14
gimble,2
softmagic,1
manhwas,1
bill,11
splitting,4
reproduce,1
whod,5
seal,5
yourself,104
graphed,1
directors,1
stripredkiss,2
ababababwa,1
frierens,1
repeatedly,4
shpuld,1
hanged,1
licensing,2
marbel,1
tease,11
acab,5
jeremy,1
reciprocate,1
certs,1
lambgirls,1
texted,2
adopted,5
lobster,1
librarians,2
calledtiriwingl,1
choices,6
miquelas,1
part,145
grammatically,1
consolation,1
pats,16
engaged,7
shrimpsune,3
dense,5
ouroburosed,1
vshojo,2
crucial,1
gunners,3
pending,3
cowboybread,1
braided,1
pushes,2
smth,12
chappel,1
bokd,1
courtney,1
optimism,1
cannons,2
dyslexix,1
trab,1
milked,1
closing,3
derailing,1
stoopid,4
consume,10
grandma,13
fcuck,1
memento,1
crippling,4
somethings,2
subsidised,1
unlike,6
australias,1
footwork,2
spherical,1
suite,1
spout,1
hiii,6
hubs,1
fellowship,4
autolose,1
psychers,1
deviant,1
alright,60
reminds,15
activity,2
provocation,1
plap,1
sockets,2
noose,2
haikyuu,11
chub,1
forget,43
reminded,12
birds,7
smother,1
pdfs,1
public,13
possibilities,3
missions,2
fragged,1
quivering,1
strenght,2
learnt,3
intercat,1
morgninig,1
microsoft,4
padoru,3
mewtwo,4
deserves,4
selfproclaimed,2
sinks,1
nonesense,2
actress,1
cultured,1
yaaaayy,1
reported,4
anytime,15
latte,2
bullies,1
foam,2
operated,2
divorced,1
degenewates,1
neucrons,1
lactose,3
tricep,6
uwehhhh,1
kissable,2
isare,1
manifesting,2
moto,1
disinfectant,1
homomancer,1
comfier,1
comes,42
shootas,1
merely,1
playthrough,2
gastronomy,1
hamb,1
completes,1
funded,1
breakdown,1
hell,198
motorcycle,13
lamb,3
leak,6
bagging,2
vito,1
mabutt,1
centre,5
years,137
readu,1
renewal,1
awake,27
aids,1
porptions,1
ganked,1
demoman,1
kombat,1
acceptable,7
thsi,1
monitor,48
isopods,2
hopen,1
choker,2
anterior,1
toppings,1
front,44
bathe,4
feasible,2
budokai,1
dehydration,1
calf,3
gigglers,2
soliders,1
persecuted,1
insides,3
galumphing,1
luchador,3
esxi,1
paragraph,1
gyre,2
yaaass,1
nomnom,1
mantra,1
continually,1
mongolian,3
bones,13
queers,2
touches,3
gideo,1
excuses,2
revelation,1
wouldntve,1
bold,8
wheres,14
moves,11
japan,9
billions,1
kills,10
scalpactual,1
tells,7
broadcast,1
currently,38
imperialism,2
cuddling,5
kitty,14
broski,3
dominance,6
trainers,2
smartphone,2
shops,5
disprove,1
brackets,1
ehat,3
unevolving,1
lili,2
chocolate,22
arbities,1
denial,4
fatter,3
rival,3
whupped,1
hhjf,1
edges,1
realized,25
provide,1
pirated,1
whiffing,1
cheemsburbger,1
headpets,2
honney,1
speesssss,1
servitor,1
absolute,27
yooooo,1
westeast,1
disinformation,1
squirm,1
uhhhhhhhhhhhhhhhhhhhhhhhhhhhhhhhhh,1
nahhhhhhh,1
gooned,1
pupoiee,1
does,252
urine,1
reclamation,1
believes,2
everytimr,2
wade,1
atomic,1
feedback,3
skater,2
alternatively,2
bodily,1
lumia,2
nuhuh,3
stripderp,2
prophecy,2
group,42
babtyyyy,1
selfcest,5
stereotypes,3
fireshoot,1
backend,1
chimkin,1
kilowatts,1
elevated,1
techtips,1
remove,14
decriminalised,1
whimpering,1
creeper,1
flying,11
roster,2
heated,4
jams,5
gasolina,4
bazonkers,1
grilling,1
pumpkin,9
wimp,1
greyhound,3
magellan,1
ebay,1
strategy,1
booba,10
suspecting,1
lmao,674
fuuuuuuuuuuuuuuuuuuuuck,1
signet,1
opossum,2
jammy,3
form,35
scottish,15
source,13
gaylord,1
waffle,6
pendejo,2
nico,7
shed,14
protein,36
piltover,1
habit,8
bryce,1
nahhhh,7
dinner,39
oras,1
bush,1
sighing,2
again,241
sociopath,3
traitor,3
tender,2
ultimate,10
pays,2
rule,16
gang,25
memme,1
nasuverse,1
sleepytime,1
another,142
beleive,1
funni,1
suppose,32
oily,2
agian,1
charged,1
openings,2
risks,1
landfall,1
argonian,1
resting,3
saliva,4
believed,3
cryptek,1
concensus,1
whopper,3
firepower,1
jealous,13
port,17
counter,3
whim,2
holds,3
buttplugs,1
coyum,1
daiwa,1
eaisest,1
overtaken,1
shaime,1
strats,2
godsssssssssssss,1
pumpier,1
strick,1
debt,6
stars,1
reiterate,1
mass,12
thru,2
unit,1
shadow,19
nngghhhgf,1
ritual,1
battel,1
prety,1
finalise,1
muscles,40
everyooone,1
caitvi,1
handily,1
wrap,7
itch,2
bnpc,1
glizzy,1
economy,2
nhhggmggngnm,1
stabilize,2
judging,4
playin,2
collect,7
kinder,1
mucb,1
gigga,1
waves,3
quelana,1
keyboars,1
firebending,1
dancers,1
disconnect,2
wnat,2
quater,1
pandas,4
joking,5
bradil,1
structurally,2
cronch,1
willll,2
restricted,1
introspective,1
roar,2
dorsogna,1
furthermore,1
rolling,5
balloons,1
tryiiiiinnnnggg,1
crocodile,1
decay,1
tipping,1
following,13
maturity,1
carpet,2
toyota,2
sloth,3
rescueadoption,1
kings,1
coño,2
gimmicky,1
clocked,3
recognized,2
viscerally,1
betwixt,1
yooo,11
longshanks,1
emily,14
vagina,1
giant,15
electric,8
fennec,5
waterline,3
footnote,2
ogryn,6
farts,7
quantitative,1
lied,5
matts,1
tracking,8
socail,4
alive,32
missiles,1
lavender,1
historically,2
stap,2
threshold,1
vasts,1
liiiift,1
jolyne,2
motherfuckers,1
cringe,30
reception,5
skate,1
bezos,1
warehouse,2
compounds,1
weissman,1
mannertee,1
feed,26
rarmpits,1
dorktoid,1
soothing,1
storm,5
frankie,1
maybe,257
customized,1
lillys,1
pertaining,1
charts,1
abusers,1
pysch,1
statements,2
woaaaaa,1
sparklespink,6
shortly,1
demanding,2
assaults,1
women,89
aklfhaofhasfahfakh,1
hourd,1
route,6
rotisserie,1
somnium,2
rexs,1
exception,4
sheesh,3
protects,1
chinky,1
fleet,1
fawn,3
bamboozled,2
jumped,5
whatnot,1
shapewear,1
ender,4
permanence,1
write,15
bungeless,1
weather,12
mechanic,1
sleeptalks,1
daynight,1
tods,1
logged,2
curseforge,1
comprehension,1
anger,1
arena,3
fuzzy,2
fund,2
xddd,1
𓀍,1
instakaff,1
primarch,1
gorgd,2
walked,10
nessas,2
striphmm,4
rofl,2
terrarium,1
meet,29
repressing,1
smithy,1
shoved,1
silverware,1
meteor,3
instinct,2
binaric,4
container,2
calleed,1
planets,3
mained,1
showrr,1
woooooooooooo,1
bifurcation,1
udra,1
neuton,1
pyramid,1
final,12
irony,4
smoll,1
develop,5
luckkkkkkkky,1
height,18
swol,1
price,16
fucked,136
farted,1
bucks,5
mandatory,3
placeholders,1
bick,1
spore,3
recomp,1
mohnson,1
allegations,9
matt,3
doom,8
extended,2
creaturesenchantsartifacts,1
proportion,2
woooooooooooooooooooooooooooooooooooooooooooooooooooooooooh,1
doubt,15
goodnight,17
recorded,1
holojustice,1
officey,1
hellyeah,1
jbhifi,1
gaymingservers,1
godly,1
unable,3
twinkified,1
togetherness,1
accidental,1
bricking,1
peeble,1
doomed,6
hades,2
pondering,1
nephew,1
restart,3
wrestle,2
indomie,1
angels,4
bandages,2
assault,3
parfait,1
forward,14
terrific,1
hfgghhhhghghgh,1
childhood,6
gets,94
tans,1
complained,4
bracing,1
interrupt,2
quotes,2
guarding,1
woagh,19
lambo,1
screams,3
signalis,3
slightly,11
pleeeease,1
devastated,4
banhdbsjdjajdjshxbahdbahhhhnnnnnngh,1
darkpip,4
shrugging,2
popping,2
elimination,1
fails,4
inconvenience,1
optimal,4
perky,2
heaps,2
returbs,1
rotor,1
comfortable,13
experiences,3
mysterious,1
eheh,1
collateral,1
mwaaah,1
hsit,1
shoo,1
justice,3
coolroom,1
observing,1
bulgarian,6
wayland,2
scrub,2
ticket,5
huggingcomfortlove,2
yeaa,1
loona,1
inocient,1
toppy,4
serious,16
elephant,2
heavier,5
neato,2
stephsenpai,1
reffering,1
feeling,51
mroe,1
plotting,1
granddaughter,2
stared,2
spelled,3
whens,3
ruining,1
starwars,1
glock,1
dating,28
tien,3
wabe,2
white,79
typescript,2
used,171
pant,1
majorly,2
coherent,1
probs,39
ffffffffffft,1
racists,1
beeg,4
halfway,6
director,2
perplexed,1
lightweight,1
engines,2
magica,1
embedded,2
tanned,2
aedt,1
wont,114
dhsidhsisbsjsh,1
translates,2
issbrokie,3
spung,1
cups,7
platypus,1
bald,4
traits,3
dinosaurs,1
kill,81
pancake,3
laws,6
assassinated,1
complimenting,1
knot,1
stems,1
adventure,3
pyrocynical,1
custom,7
communist,1
whichever,1
motors,1
yalls,2
rewarded,1
criticism,2
answer,44
lags,1
shipper,1
elliott,4
flannel,3
foundry,7
happpy,1
pickaxe,1
normally,64
innocent,7
coin,9
toothless,1
dance,11
messaged,2
develops,1
baby,96
tryna,3
bravo,2
flowy,1
child,35
xhristmas,1
wesley,1
bushwalks,1
comon,1
breaking,11
dammmmit,1
nasty,5
brother,46
chronologically,1
bombs,1
inconclusive,1
server,331
typholosion,1
collageuni,1
optimized,3
thoug,1
hhfng,1
giggly,1
counterstrike,1
cushion,2
tablespoon,1
relentless,1
frank,4
ellabella,1
thorium,3
risen,1
hahahaha,5
shamee,1
revese,1
bots,3
alts,2
quoting,2
reward,3
powerpoint,2
drifter,1
freemanstyle,1
wash,13
ussss,2
dpeartments,1
turret,2
lands,5
shelly,1
metrocomic,1
demotivated,2
ripped,6
speechless,1
through,139
swirls,1
valorant,3
letires,1
gmormnin,3
backstory,1
szarhekh,1
france,2
hewwwo,1
nonlyn,1
evidence,6
deranged,2
hohoho,1
seeets,1
fixup,1
springs,2
install,9
rollersuave,1
permission,5
predictable,1
bananas,2
once,122
difficult,13
nothing,104
paddings,1
ferocious,4
richer,2
heating,3
jeeps,1
lumimi,1
bathbomb,1
filo,8
leeeezzzzgooooooooo,1
dumpster,3
yells,1
suggested,3
ultrakill,4
scans,3
sump,1
effect,20
oklahoma,1
youmore,1
rounder,1
okeh,1
heavyvanguard,1
phillips,1
theres,312
ndis,1
weekends,2
adress,2
winwin,1
remembers,5
responsible,2
roger,3
endearing,2
signs,3
shift,19
gaslit,3
roblox,7
disregard,1
reconmends,1
wgatever,1
gurren,29
zarr,1
grabs,3
fursona,4
dingus,3
craving,5
bunny,28
ligit,5
peanits,2
butt,12
juicestripoop,1
prettt,1
deez,5
bengal,2
poisoning,2
noooooo,9
forcefully,1
marriage,2
wwhat,1
peoples,14
mondays,2
bypass,1
supplies,2
rely,2
betrayals,1
partial,3
kwizach,1
drawn,4
walkng,1
tempt,3
fuuuck,12
diagram,5
looking,116
lapse,2
rebel,2
supporting,4
cans,3
coder,1
font,6
space,77
likewise,8
aunts,1
urethra,1
bottomess,1
goblet,3
invite,16
donut,1
customize,1
koolaid,1
viewing,2
deep,26
captured,2
dorn,2
mimutes,1
nintendo,5
snailtrail,1
shame,14
resurrect,1
rising,5
poggees,1
paint,15
neck,33
queanbeyan,1
antics,1
skirts,10
attracted,7
rays,1
specialized,1
cognitohazardchan,1
absutely,1
dukanne,1
fanmade,1
grandparents,1
proposing,2
dying,28
owned,6
ancestries,1
restrain,2
staek,1
appllying,1
forking,1
bulled,1
lunch,14
shera,1
generous,1
sorryyyyy,1
yeeee,18
specifically,22
astroturfingadvertisement,1
errored,1
voiced,1
campaign,13
gayming,2
pitstop,1
druged,1
raiders,1
dviavsj,1
gawain,1
taxi,1
skimming,1
weirdest,2
ayrloot,1
gamersupps,2
exhaust,1
nitpicking,1
uuuuuuu,1
lemsip,1
baddies,1
posession,1
vorpal,2
flappy,1
archies,1
theatre,2
thoracic,1
steady,1
blasphemy,1
stronger,12
littled,1
regulating,1
request,209
kitttty,1
monologue,1
toddlers,1
tomorrows,1
disney,4
nijimura,1
tagging,1
dmged,1
regular,13
weird,114
fuckyeee,1
girlfriends,7
party,26
omega,9
therefore,7
tabbed,1
gyaaaaatt,1
adds,9
saiyans,1
iconic,4
dystopian,1
spouses,1
ruim,1
improvements,1
overhwlmed,1
seth,1
fucky,2
samantha,1
weight,67
medical,10
lays,1
faaaaaat,1
overtime,1
cishet,1
cshypeek,1
orgy,4
funko,1
granola,2
doughnuts,1
gamepass,1
kirbizia,2
alter,9
insuficient,1
humanity,8
mature,1
bury,5
fiend,2
friendship,7
slashed,1
deletedchannel,3
zoomed,1
transformation,1
portable,2
beetle,1
tiddies,11
serverstory,1
chubcopping,1
heritage,5
bolognaes,1
greyfax,1
repercussions,1
dairy,3
resumé,1
atail,1
heywo,1
porn,45
mods,25
challenge,5
liner,1
bonita,2
gameschat,1
waaaaityour,1
within,7
pansexual,1
gzone,1
engagement,1
snails,1
getcha,1
scarily,1
fights,10
tasteless,3
catgirls,4
sabans,1
𓀠,1
ahve,2
brazy,2
crud,1
gobbler,1
naaaah,1
evolves,1
gato,4
barbells,1
piston,1
proud,49
fists,6
breeze,3
nick,78
cdkeys,3
intersexuality,1
compilation,2
advice,12
shymp,1
troubles,1
puppygirls,5
bwahahaha,10
outdated,1
stigma,1
lies,16
eepy,14
damned,1
serotonin,1
cast,4
stool,1
mans,6
normal,69
managers,7
awooooo,2
intersex,6
flash,7
verry,2
sylvies,1
motorcycles,6
simalar,1
norm,1
twinlinked,1
council,8
cisman,2
crowbars,1
hourglass,3
trilogy,1
cognitohazard,4
sylv,3
street,7
mitosis,1
rain,22
bruh,59
bastonished,1
sholud,2
somebody,3
ateemtping,1
coincidence,2
raimi,1
math,8
ground,20
intense,10
console,1
doubled,2
waving,1
pornstar,1
thick,13
unreadable,2
hole,12
seven,6
tibbyies,1
hint,4
rwpograt,4
haikuu,1
fuxk,1
ambulating,1
stifff,1
cangrejo,1
mermaids,1
brainworms,6
moment,43
morbid,1
shripms,1
fppxa,1
freakytide,1
outragously,1
rope,17
yupp,1
bashes,1
travel,6
speculating,2
information,12
advertising,2
android,57
obssession,1
perfect,45
some,620
ovulatinf,1
incoherently,1
bright,7
corrosive,1
east,3
mode,32
prize,1
inclusivity,1
hiiii,7
asexual,10
behead,1
taki,1
bulidings,1
rarely,10
saloon,1
rekt,4
relative,2
stooges,1
city,26
sabotage,1
senior,1
disclosure,1
facebookcomlumiastargazerbitchwhyyoureadingthislinkcowarddabdabdabdabwomendab,1
pumps,9
heathens,1
randomised,1
advance,4
maxed,3
shybabey,2
spouting,1
instantly,10
makeuo,1
worm,14
gooooooooooooooooooooooooooooooo,1
marusmug,2
action,17
meltpopcorn,1
jumbo,1
continued,3
itty,5
shinies,1
tattoos,1
cellocheart,1
illness,1
java,6
oooooh,3
cumzone,1
forcefemmed,1
bath,19
area,12
park,14
taylor,1
soggy,6
bloop,2
exhausted,4
cares,6
occuring,1
stock,5
curry,3
fortnite,11
froze,2
gibberish,2
castrated,1
offal,1
uncertainty,1
daily,16
ultimatum,1
chubbiness,1
buster,7
surprisingly,14
townspeople,1
doggyy,1
palkia,1
pleases,1
estrogenised,2
puppygirl,16
participating,1
partykirby,1
issa,1
larges,2
platonic,1
freshwater,1
bthinkingglare,1
clumsy,1
underworld,1
wuuu,1
chewing,2
baddie,1
tavos,1
freakiness,3
disability,3
fruit,12
cunt,23
prog,6
troll,2
soji,1
coddled,2
splatter,3
grapheneos,1
film,6
argb,1
apple,17
signed,5
alliehope,1
dripped,1
mustard,1
seperat,1
rose,6
apologize,3
petanimal,1
climbimg,1
smoggy,1
memes,19
backyard,4
devilish,1
hiiiii,6
vegeta,7
lightwork,1
thebelow,1
philosphy,1
boolowata,1
tung,4
steer,1
todays,4
versed,3
closeted,2
friendships,2
kamen,2
signaling,1
seee,1
reaaaaaal,1
development,1
copying,1
concerning,5
donalds,1
hanger,1
bruhhh,1
bionic,1
asscheek,1
psychologist,1
rember,20
marine,20
skin,49
territorial,1
sleet,1
beurocracy,1
gist,3
mated,1
booked,2
qwertyuiopsdfghjkl,1
awesome,27
yuri,111
hurr,1
pedophilia,1
mwaaaahh,1
monday,6
freedom,4
snack,6
dreadnaught,1
trinas,1
jonathan,4
eraser,1
bounces,2
motives,3
musk,12
road,3
verified,2
mindopi,1
obey,1
mergirl,1
admire,1
fantabulous,1
exited,1
cellery,1
pigeons,2
consciounesoses,1
foreign,1
prio,2
cents,2
dawg,42
kernel,1
timeskip,3
haiku,86
latinas,8
thrive,1
towns,1
hewdache,1
beaughtiful,1
kissers,1
pops,1
flanking,1
newport,3
cotroler,1
influence,5
gapps,1
flat,11
creepy,5
junior,1
goooooooooooooooooooooooooooooo,1
lyssblush,2
yakuiza,1
reservations,1
siringes,1
polenta,1
lyrics,3
supposde,1
patches,1
potatoes,5
blackberry,1
violation,1
ispropal,1
gnome,5
shiftschedule,1
outlast,1
pelt,2
puree,1
bikes,9
ellas,13
schooler,1
appropriation,1
motion,8
caffeination,2
side,72
accomodation,1
psycho,12
governmentbased,1
tiedye,1
marker,2
medication,3
advisement,1
hydrated,2
faggy,4
mustache,2
knitted,1
fark,2
prominent,1
incomparable,1
avenue,1
kleptomania,1
assalam,1
misdemeanors,1
page,11
whats,134
sucky,4
master,7
enthusiast,1
dicking,1
puppo,1
halfchub,1
dknt,1
reserved,1
read,151
tons,2
projects,13
promise,22
adopting,1
handguns,1
roommate,4
telekinesis,1
coworkers,4
swine,2
rockin,2
gamer,3
kidding,6
awaiting,1
jojo,12
purposly,1
skibidi,9
sxmpra,7
gonns,1
furious,2
relationship,25
upgrading,1
hahahahahahahaha,1
stargazer,2
myriad,1
debit,1
gainmaxxing,1
lobter,1
carmasutra,1
americans,8
relics,1
stpell,1
recipes,2
feast,3
hercules,4
heart,45
masochism,2
ergonomically,1
hugs,18
fairno,1
organic,1
gaps,1
donations,3
dealt,4
interogation,1
consultation,1
ther,1
seriously,12
expansion,2
presses,4
chapters,6
sandwiches,3
icarus,1
gamblest,1
charger,2
yousei,1
potter,3
googly,2
cookie,8
cheaint,1
yeahh,10
decree,3
certified,5
sweet,38
brainlessly,1
ibuki,5
rememebr,1
clowns,1
dwho,1
minutes,34
druid,10
iadmit,1
rping,1
dream,60
rizzler,1
haircair,1
kiwwed,1
interview,7
youtiriwingl,1
passwird,1
stinks,1
devastating,2
membership,3
mariana,2
unintentional,3
guyll,1
goldlewis,2
kaiba,1
flame,4
hyper,11
strip,3
cthulu,1
yeeeeaaaaaaaaaahh,1
acurate,1
amab,3
threaten,1
plastic,19
hitler,2
tenticles,1
belive,1
whether,8
sparking,4
calibur,1
hashmap,1
holojp,1
plants,8
thethey,1
celestine,1
breasts,5
revolutionary,2
girlboss,2
squats,31
foxies,1
lube,4
tonightu,1
bolters,1
impediment,1
jailed,1
eachothers,1
dual,6
fave,12
tgirls,3
origin,5
krakk,1
delegating,1
franzj,1
soemthing,1
coquen,1
tman,1
ampm,2
essays,1
pent,1
woozy,2
macbook,4
russell,1
inadvertently,1
detector,1
𓀄,2
typhlosions,2
easymac,1
discolourations,1
debuffsbuffs,3
wiht,2
ended,18
indegestion,1
denying,1
gosh,13
attractive,11
chalnath,1
firing,3
playfull,1
switched,1
rendering,1
mascara,2
considereing,1
mutuals,1
lavenge,1
dustbowl,1
genital,4
mojitos,1
glitched,2
preordered,1
familial,1
westside,1
hagggs,1
clown,10
dooers,1
judged,1
reconnect,3
affiliate,1
overdone,1
clever,1
fatass,5
substitute,1
morrocos,1
interestingly,1
aaaaallmost,1
testament,2
corporate,1
report,8
additional,2
urukhai,1
putrid,1
waste,5
wise,13
peddling,1
hornmy,1
anxieties,1
statement,10
upload,3
bute,1
prettyhandsomecute,1
zoidberg,2
joint,4
processing,10
rerolling,1
abandoned,1
doms,9
stabbed,1
saiyan,2
slums,1
deadinside,2
updating,2
positives,1
nords,1
laid,3
linecomfypat,1
subdrop,1
geyms,1
untuck,1
borrowed,1
birthdaty,1
ventress,1
hololives,1
activation,2
halfbullied,1
ritalin,2
furry,34
chunks,3
referral,3
troy,1
smelt,1
bridal,1
primaris,1
independently,1
scawy,1
oficial,1
closely,2
malebrained,1
eaasy,1
grief,2
textiling,1
itll,92
bread,28
carefully,1
johnson,2
broken,19
bustered,1
pilgrimage,1
astolfo,7
interactions,1
neepee,1
ganger,1
promotion,1
steep,1
stamp,1
elite,3
wattson,1
layers,10
unimaginative,1
quote,14
routine,21
kruger,1
materialistic,1
gils,1
sprits,1
bung,1
vaginaplasty,1
matureolder,2
tgirl,2
shoulders,18
backups,1
misread,5
pigs,2
suuurrreeee,1
alaikum,5
adduser,2
japaanese,1
flames,1
keep,137
fuuuuck,13
counts,13
literally,194
squids,1
mmmmpphhhh,1
yeeees,1
labubu,1
edgeing,1
pushup,5
hyperdosing,1
invisible,3
weights,18
publisher,1
waha,1
tere,1
spammable,2
postworkout,3
𓁎,1
crop,5
scatter,1
eepies,1
lambgirl,3
curious,25
bedrot,1
operate,1
treats,11
shaft,2
thrusts,7
pack,17
narrates,1
androids,2
recognize,1
sgooo,1
precise,4
sadly,18
phaerons,1
cofffee,1
unsuspecting,1
practicing,2
futanari,1
achilles,2
incarnon,1
ideas,19
hiarious,1
treadmill,2
popcorn,5
thoughhh,2
elvis,1
fukkin,1
timezone,5
doto,2
enginering,1
necromancer,1
netflix,1
suggestions,2
accelerate,1
brieing,1
surprise,13
frogteeth,1
skinks,1
fuming,1
animals,15
complicated,10
woulda,2
compcon,3
zones,2
whay,1
pther,1
burp,2
here,609
antithing,1
others,39
mercenary,4
𓁇,1
bucketing,1
massage,6
reviewing,1
intensive,1
mothers,3
contracts,2
head,148
miners,1
joins,3
masochists,1
theorizing,1
detailed,1
ought,1
isnt,197
shorten,1
baaaybeee,1
nauseous,2
specialists,1
ashiishrug,1
tasks,3
splendid,4
boooyoo,1
sonuds,1
bridgey,1
biochemistry,1
steeeeeph,1
eant,1
hundreds,3
mhmmhm,1
livres,1
bibically,1
youve,65
yeahuh,1
reachin,1
drives,1
whatsapp,5
soles,1
reorganised,1
farm,12
times,75
kerfur,1
meals,8
cropping,1
cables,3
painted,5
selling,8
rightful,1
tansqender,1
gracious,10
thigamabob,1
exercises,14
everything,128
konrad,1
cused,1
recently,20
petrichor,6
processes,1
noticable,1
aggressivr,1
optimize,1
crumble,1
powershit,1
codes,1
rhythm,1
spike,4
transarsonist,1
grunge,6
edition,9
sinusitis,2
amusing,1
booga,1
lexia,1
wisdom,8
sluggish,1
mmao,1
likw,1
yaall,1
girlcock,1
funsies,2
aquired,2
activists,1
truer,1
forever,21
runner,2
schlong,2
intent,2
cryinh,1
celebrities,1
label,1
bothhh,1
balanced,2
recommending,2
teller,1
brick,8
nicolas,1
unbalance,1
stepped,2
catcalled,2
debilitating,1
vibs,1
this,2181
hotp,1
girl,281
servers,20
sharp,9
driver,7
scary,24
cucaracha,2
swing,6
boosts,1
drivers,9
expanding,1
wallet,1
isekai,6
ropes,3
pillbug,3
jackets,6
cosplayers,3
authors,2
bulkier,1
silk,2
mercd,1
untill,9
blehh,1
isssues,1
stoners,1
cardio,10
quandaries,1
bubble,9
narcissistic,1
kamikaze,1
reaaal,2
elastigirl,1
theater,1
iwantaphilosophychannel,1
classic,38
nazi,13
samples,2
yappy,1
throneroom,1
prevention,2
downsides,2
linguistics,1
under,48
swell,2
nawww,3
brandishing,1
sights,3
ingame,3
gachas,6
hdmi,4
yoooou,1
hormonal,2
comfortability,1
million,10
revoke,1
scares,1
yayy,10
maube,1
rules,15
addicted,3
roadworthy,1
boba,9
electrolysis,2
nuts,14
blomp,1
excel,4
maricon,2
cable,8
infection,2
knows,36
timinga,1
polly,5
robo,3
cashing,2
𓀏,1
slack,3
glitter,1
caralho,3
roguelikes,1
weenor,1
debuffbuff,1
atleast,8
designated,2
mmffghhggg,1
expose,3
ravshock,1
combhairbrush,1
jews,3
anouncement,1
warmth,1
dayum,4
starter,1
shark,9
fleckable,1
counterintuitive,1
unlimited,5
range,12
moldable,1
halloween,7
odpodp,1
silvfeelsbirthdayvale,1
learning,25
drifloon,1
perks,1
fineit,1
disrespect,2
tablet,2
daus,1
whatsoever,3
darn,2
homopilled,1
socked,1
elssseee,1
manness,1
headphones,8
grimacing,1
honey,21
heeeer,1
thinkin,2
moderation,1
psychs,1
cannabis,1
naiiii,1
rightu,1
walkkkk,1
becaues,1
bees,2
fitting,5
vibing,1
dreading,1
mcdonalds,6
fees,3
bored,11
pros,1
thread,11
okays,1
mikus,3
increase,5
lifestyle,1
kobeni,2
company,29
mannerism,1
pulled,9
magnificent,4
horrific,5
sadist,1
gave,71
diabetes,1
untouchable,1
sync,1
sokap,1
dysphorias,1
unplugging,1
steal,17
anyrhing,1
aborbs,1
preventing,1
cody,1
girlyman,1
leaner,1
analyst,1
yippee,91
probability,2
anymore,73
angel,5
horsing,1
mrwownining,1
hogs,1
morbing,3
progy,1
𓀉,1
convention,3
exactlyyy,1
maker,1
tiem,3
furniture,2
escape,10
turtles,2
clocktimer,1
succeed,3
gruumsh,1
deleteschedule,1
issues,27
definetely,1
nights,8
slef,1
stater,1
beauty,4
sideeye,2
distressing,1
dominatrix,1
annual,2
moons,2
actuallly,1
pattern,3
hughides,1
knacks,1
apocrypha,3
delusional,1
enrichment,3
peek,3
without,116
wideranging,1
algi,1
macquarie,2
optionals,3
rotation,5
unsupported,1
gits,1
intelesense,4
nuke,10
precure,1
transcended,1
zelda,3
cokoatli,1
chortled,1
clothes,28
passing,6
updatesssss,1
amphibians,1
toffee,1
disturbingly,1
thiefs,1
voidling,1
scaryyy,1
hpurs,1
definitions,2
structural,1
mmfgg,1
uuuuuuuuuuuuuuiiiiiiiiiiiiiiiiiiiiiiiiiiiiiiiiiiiiiiiiiiiiiiiiiiiiiiiiiiiiiiiiiiiiiiiiiiiiiiiiiiioooooljjjjk,1
soak,1
headpats,22
true,391
practically,2
cliff,2
summon,11
leaves,17
friendies,1
loooking,1
tonight,54
jumping,8
baybeee,1
mmmfffgg,1
chainsaw,1
yeeeaah,1
masher,2
journey,3
uses,18
darkness,4
sucess,1
agreeb,5
amsterdam,2
enlightenment,4
majority,3
dvid,1
blessings,1
haribo,2
mystery,4
lesser,2
refunds,1
text,26
prognamant,1
spent,24
whaow,1
cathedralsheol,1
gymrat,1
praytell,1
warned,5
routines,7
should,385
psychic,6
yesarf,1
letir,1
yoooooooo,1
puter,1
smugsmiling,1
calling,31
blisters,1
whove,2
unidentified,2
monke,1
guts,3
nuhvok,1
pretransition,3
minifridge,1
tibe,1
believe,52
unlock,4
seraphina,6
solved,3
homies,11
cutiestiriwingl,1
pianple,1
takayan,2
suspiciously,1
wilsons,1
affect,2
jackalsnake,1
confusing,4
picks,3
benefits,3
forcing,4
dammit,12
closest,9
vinery,1
packet,1
superiority,2
fives,2
professor,2
remindermoon,19
deserve,20
girlhusband,1
primary,4
bringgoonsback,1
daemon,2
sleeeeeep,1
acutesleepytiredyawnhi,1
dremel,1
heligopter,1
skullcandy,1
serenity,1
rosey,1
sinxe,1
fates,3
veryscary,1
copping,1
joinrd,1
hentai,9
remon,1
hornies,1
𝓐𝓇𝑔𝓎𝓁𝑒𝓈,1
united,3
sacarafice,1
rollcall,1
vaginoplasty,3
trails,1
steamappscommon,1
pelvic,1
diagnosing,1
sylvia,4
plyometrics,1
gartic,4
meowww,1
rank,8
antivirus,1
open,70
regarding,1
peacefully,1
mrmomrning,1
gangrape,1
gender,60
egsidg,1
denture,1
polycue,1
daniella,1
rude,9
closure,1
slice,5
tpose,2
physical,12
pffffffffffffft,1
babyyyyy,1
consoles,1
deploy,1
leaaaan,1
uuuuggh,1
ignored,6
sounds,155
slayer,4
cognitorhazard,1
goooood,3
gauntlets,2
giving,46
awee,5
hybrid,1
rolls,7
contestants,1
moon,96
airbender,3
whatd,4
witthout,1
soemone,1
mercy,5
stalk,1
birthdays,2
assimilation,1
maomao,1
chile,6
desserts,1
detangling,1
girlballs,1
trip,8
pockets,5
uhuh,4
precious,13
nottttt,1
tune,5
gates,1
resist,10
droplets,1
physique,1
whooooaaaa,1
mmmpphhhh,1
festive,1
doona,1
dolled,1
cognitohazards,1
jojoking,1
pirate,14
vonrability,1
alpaca,1
magically,2
neeeeeed,1
lewds,1
equipament,1
lung,1
setsssss,1
kernal,1
terribly,1
immediately,19
happening,39
imploded,1
shlop,3
fightabommer,1
matchup,3
himejoshi,2
jerryrig,1
topped,6
beautiful,41
battered,1
crayons,2
deadlifts,11
muscly,3
entertainment,3
overwrite,1
goonaiiiiit,1
palindromic,2
less,78
ohmgkey,1
manual,7
dommy,2
tuchus,1
ultramarine,1
poster,5
binary,7
earth,9
episode,8
onstage,1
pickynoddersa,1
special,21
sinder,6
reveal,4
heterosexual,1
families,3
mori,13
roars,1
oaust,1
matress,2
scripts,1
linger,1
cecilia,1
funnny,1
flexibility,2
savings,5
nooooooooooooooooooooooo,1
spies,1
huff,2
insanely,8
people,612
matplotlib,1
skill,75
merit,1
australian,12
scritches,1
scouting,1
mormin,2
docu,1
stags,2
yesterday,38
doke,1
threatening,3
unnecessary,1
spaceballs,2
originality,1
khyle,1
rrrrrrrrrrrrrrrrrrrrrrrrrrrr,1
yoshimura,1
mines,9
understands,2
urethral,1
ureshi,1
reflux,1
updoots,1
warfare,2
worthless,2
rendezvous,1
vietnamese,1
complications,1
simpson,2
deezy,1
euphoric,1
thatumm,1
infront,2
slasch,1
among,7
fighter,6
mwah,27
youtube,17
presentation,4
taxed,1
gator,1
ugghh,1
challenged,3
customization,2
conjunctions,1
nightcore,2
sort,16
fabulous,1
costume,9
flexible,4
niniiiiiiii,1
artstyle,4
chems,1
panicked,1
rizzery,2
fishes,2
factoid,1
services,1
doesn,1
grapes,2
pisco,2
pegged,3
cheesy,3
joanna,1
refuses,1
lewd,4
hormone,7
prehrt,4
batmam,1
fresh,16
leaving,12
girly,2
brrrrr,2
wideamongusgaysex,7
enabled,1
tassels,1
indigenous,1
munch,2
consent,15
killer,5
girlscott,1
remade,2
peste,1
fiending,1
illegal,12
warmups,1
nami,1
informed,6
inches,8
kiwami,1
spiral,1
error,4
ubereats,2
shredded,2
caspian,1
chema,1
tjought,1
crossdressing,2
belong,5
likelook,1
nooooooooo,2
hair,158
aother,1
minus,2
patpatpat,19
gawd,7
ajkfdhcdsjkvhdsfkj,1
doormat,1
collared,4
highlighting,1
reee,1
degoogled,1
jumpable,1
goimg,1
gooddddssss,1
stepstool,2
lemon,10
fortune,2
streams,4
embed,5
clarification,1
castle,2
averse,1
cell,7
parties,4
nomads,2
lest,3
fuckeest,1
reasons,14
premier,1
spcific,1
ruled,2
keaton,1
gagging,1
zarya,4
conquer,5
bruhh,2
mince,6
planeswalk,1
yeeeaaaahhh,1
thoughts,27
regualr,1
introspection,1
bonk,5
ohhhhhhhhh,3
rhino,1
magical,4
redhair,2
explosions,3
ivan,1
loops,1
section,5
vgesegvegbaaeknja,1
bakery,1
governmental,1
frankenstein,1
maaaybe,1
heretiriwingl,1
mornight,2
moots,1
ramis,1
intrigued,1
degraded,2
listented,1
contest,1
belgen,1
boymodding,1
huge,25
beans,20
horny,49
value,6
bionicle,9
cachorrada,1
highest,5
narrations,1
residence,2
decoy,2
boing,6
envygoals,1
portals,1
nation,2
zamn,2
trolley,8
apparently,70
scisors,1
skinny,9
hypereyes,3
yeah,1603
freggh,1
comodoor,1
enshittification,1
grace,2
smite,1
pitty,1
even,440
calliope,1
𓀁,1
vampires,5
grinning,1
explosive,2
wolverine,6
unlocking,2
danis,5
finnster,3
bumps,1
zoids,7
arting,3
pushed,11
skulduggery,2
possetions,1
kusocore,1
itched,1
stripped,1
sinking,1
chel,1
𓀀,1
teams,5
stray,3
palico,2
culture,5
ability,15
conversions,1
viola,1
tickled,2
entropy,7
hawt,5
overpowers,1
sweetly,2
noisewobble,1
napped,3
cuddys,1
slippers,1
overt,2
kawasaki,2
prof,1
moistcritical,1
plural,5
nikke,2
connosiour,1
realise,16
conscious,5
sheeeeeeesh,1
format,7
stammering,2
eheu,16
robot,50
lasang,1
morniiiiiiiiiiiiiiiiiiiiiiiiing,1
snateksankdsnodansoidsndaou,1
concrete,5
tempting,16
earphones,1
kimng,1
hallo,1
venture,3
ashii,1
foes,2
frankly,1
humping,2
ovulation,1
rustdesk,1
lmaoooooo,2
squad,7
whwoaooghaogh,1
kaboom,2
ello,2
brazils,1
itsnso,1
towers,4
yeeeeahhh,1
hububuhubub,1
carnival,1
squeeky,1
mouthwashing,2
fist,6
pedo,3
heinlicht,1
heyyyyy,2
designs,6
project,19
pimple,1
roulette,3
artificial,2
allows,4
dopamine,3
nude,2
excruciating,1
anywhere,20
uhhhhhhh,1
uvula,1
banjo,4
tutel,2
selffelatio,1
diarrhea,4
genetical,1
hangout,1
gduwjdkwj,1
overshadows,1
duties,1
folds,2
must,65
shameless,1
shooting,7
homemade,4
imnoooot,1
kiss,55
curse,126
strain,1
assalamualaikum,1
heheff,1
worshipper,2
bruhhhh,1
clicker,10
screw,2
haii,1
dormant,1
pier,2
magdumped,2
paymentboyfriend,1
hhkjg,1
pearls,1
superman,1
wwweh,1
sads,1
button,15
unfertilized,1
alsooo,1
puppppyyyyy,1
sassy,2
shiiiiiiit,3
supply,11
chained,1
mooooonths,1
thighs,26
increasingly,1
urge,8
version,27
akdhjajsja,1
allied,1
fortress,1
slaps,6
freakin,2
possum,2
dooooonneee,1
dunning,1
succeeding,2
cackle,1
amazingness,1
benching,4
wally,1
smash,15
gigi,8
respectful,1
sessions,9
imperial,7
belongs,6
individuals,3
liquorice,1
cora,3
fires,4
spawners,1
busting,3
interior,1
thou,3
gentlemens,1
drain,2
throwing,4
wings,8
bunch,38
messa,2
soraya,19
mention,27
flush,1
rioting,1
furão,1
hypotheticals,2
movement,5
risking,1
cogs,1
reader,1
economic,1
sasquatch,1
fluent,2
suggestion,5
bracket,2
might,156
waterfox,1
hadar,1
oiling,1
gasters,1
farmer,2
oncler,1
english,39
lapping,2
mmfffg,1
selection,3
funkle,1
worming,2
forbidden,5
doofus,3
applications,2
mumbo,1
configurable,2
gardevoirlopunnymachampmachokedrowzeehypno,1
okkieee,1
drag,5
reeeeeeeeeeeeee,1
comprehensive,1
moth,1
buildings,3
bwah,2
portal,2
morgning,2
liver,9
ferret,78
count,33
overwhelming,3
arcee,1
frieren,4
yamsie,1
sydenart,1
doubtful,1
committing,1
highfive,1
felt,55
rainy,3
spanking,1
discriminate,1
finaly,3
orientalists,1
doomposting,1
bussy,2
malfunctioning,1
canning,4
adorble,1
hangry,2
binders,1
ancient,5
somewhere,18
ummm,1
kidnapped,3
forcefemming,2
properlyfast,1
neutral,10
waitinf,1
inflation,1
entrylevel,1
raffle,2
sory,1
nothings,4
suck,44
geforce,2
blocks,9
calculations,1
meal,19
isee,3
pnino,1
empire,4
courage,2
stretchy,3
deduction,1
gyaru,4
bullyable,2
lets,123
having,115
shielding,1
usage,3
zombified,1
back,391
yesssmaam,1
gentildonna,1
salted,1
murderous,1
dissing,2
discussed,4
splurge,1
melb,1
transported,1
itsnt,1
builds,5
hypermobile,1
oomfie,8
deary,1
nine,3
suwuha,3
lucy,1
riots,1
nastiest,1
bdjsjeisjwkkakxjbdartsyblushcow,1
frst,1
dyslexics,1
snap,6
which,271
naughty,3
yisssitisssss,1
butch,19
investigate,2
risotto,1
mins,15
tarotmaxxing,1
delves,1
sentiment,1
credits,2
asajj,1
gotron,1
gift,15
however,10
nessa,1
mmmmmmmmmmmmmmmmmm,1
explicit,5
gambling,25
insects,1
tablets,2
lackin,1
promising,2
twins,3
marking,2
battles,1
panalo,1
pouch,2
caked,1
tabletapfast,2
embrace,1
gmornin,4
sour,2
tentacles,1
retire,2
nest,7
battleground,1
saaaaame,3
goomba,1
friend,128
poplust,1
mogged,2
guilty,24
bliss,1
questionably,2
anthro,1
toworture,1
cumverse,1
internal,2
deficit,2
skaroy,1
pressuring,1
hablo,1
premeditative,1
tsunamis,1
rawrawr,1
rack,2
changer,5
tiriwingr,35
uhhhh,10
outtiriwingl,1
avoiding,6
enna,3
melting,4
baelz,3
sentai,1
cure,1
guhh,3
funnnnny,1
obstructs,1
exploring,1
mothra,1
jeemzus,1
loooooong,1
feral,3
circumstance,1
hired,3
tariffs,3
himeno,1
eeepy,2
grows,5
gnight,9
nhuuuuuuuuuuuuuuuuuuuu,1
with,1737
select,1
censor,4
worls,1
society,9
signature,1
colour,9
associated,1
celeberate,2
talking,139
eternity,1
related,18
imnotpretendinggg,1
heartbeat,1
holy,227
supports,1
ascend,1
nicotine,1
saturation,2
lore,49
wimpod,1
configure,2
eilish,1
sabotaging,1
seniors,3
directions,2
housespouse,1
mocka,2
mein,1
pissy,1
snort,1
tesla,3
murr,2
dococ,2
artificially,1
hillbillies,1
forgive,10
relearned,1
statues,2
downright,2
sticky,3
hottest,2
whoaaa,1
infine,1
alot,4
thingywhoop,1
waohw,1
whyyyyyy,2
yeth,2
muguh,1
headspaces,1
spaces,5
lake,3
sexeral,1
morningstar,1
armpits,7
serve,5
reviewed,1
facelifted,1
voives,1
stance,5
haptics,3
abou,1
predicted,1
stupidpenis,1
betttt,2
mrowning,1
cooool,1
accomplished,1
strategize,1
benchies,1
legcramp,1
shouls,1
studied,2
timesheets,2
bitchs,1
smolled,1
teensy,1
calcs,3
snapchat,5
relatability,1
giiiirl,1
rollover,1
goddamit,1
unisex,1
reveals,1
hehrhfhfj,1
embarass,1
tomorow,1
pickling,3
tcgs,1
hometucks,1
controller,24
willtiriwingl,1
preeverything,1
alters,14
wedges,1
hanging,6
unfunny,1
handsome,11
disappointment,2
expires,1
braaap,1
generator,1
sinister,6
icon,8
delays,1
tend,10
revoluitioonizng,1
sued,2
lilys,5
objectifying,1
motivation,5
myyyy,1
bannable,2
narrate,1
sale,7
ballerrrrrrrrrr,1
discreetly,1
dine,1
crackheads,1
canada,2
rightfuly,1
valerian,1
hahahahahhhahahahahahahahahahahahahahahaha,1
womz,1
spoils,1
sure,340
eshin,1
competent,1
ratios,1
truest,2
funtiriwingl,1
borktide,1
rockmelon,5
voltron,3
playable,2
plush,2
gyatt,11
ohmy,1
punctuation,1
priest,5
activated,5
madeip,1
endowed,2
morninggg,1
liberal,4
profile,14
potaras,1
transformice,1
feta,1
shadiw,1
aliens,4
pocs,1
entity,1
groups,10
tanky,1
filler,2
custome,1
femworth,1
zenless,1
feefees,1
taste,25
enjoyyyy,1
trazen,1
chilled,1
whatsitcalled,1
lowers,1
napoleon,2
chibis,1
currupitons,1
tehe,6
flexing,4
frotty,1
remains,6
tendency,1
advantages,2
melons,1
spaa,1
grrrrrr,1
alarm,4
hoooooot,1
fuckwad,1
jobs,13
mmmm,22
faygowt,1
reboot,9
creature,6
reinaeiry,1
happi,1
adorable,80
voices,10
turty,1
enbie,2
assembled,1
nafw,2
blast,5
vball,1
yayyyy,1
vented,2
appearance,1
bankrupcy,1
ebby,1
wolfs,1
admin,4
strongest,9
fall,24
promised,4
confortable,1
presets,1
fraud,1
life,135
chickpea,1
soyboys,1
pineapple,3
zbfgs,1
magnetises,1
konstnar,1
hoodies,5
snot,2
basket,2
models,3
expecting,13
fractured,1
crazy,99
gaslight,6
patootie,1
adores,1
fixupx,2
twitch,12
niceee,1
prior,2
tingz,1
hammies,3
veal,4
ouchie,3
botmalachite,1
luki,1
sorcery,1
punishment,5
counselor,2
queersland,1
platforms,1
parttime,3
outta,13
priorites,1
thumbnail,3
retvrn,2
started,86
baseball,3
weddings,1
spamming,7
dayamm,1
aparaently,1
cosplaye,1
uncontrollably,1
audacity,2
cistern,1
adopt,6
morningtiriwingl,2
divulge,1
shorks,1
bottom,129
outtage,1
newborn,1
equation,1
soften,1
argentinian,2
supper,2
gather,1
lobotomise,1
hmmmmmm,3
premium,1
sigh,7
monch,3
evils,1
getscheudle,1
will,442
lucky,15
ferment,2
yummie,2
botchannel,1
assemble,1
knooowwwww,1
merryment,4
miata,4
bunnyferret,1
outer,3
sugarcane,1
anydesk,1
flips,1
joever,1
linking,1
vibraty,1
floof,1
smacking,2
realllll,2
ravens,7
boomerang,1
cicero,1
especiallu,1
penguins,3
elbow,2
sprinter,1
gateway,1
outrageous,1
oath,1
indecisive,1
patients,1
conditioner,5
inttended,1
dawwww,1
slot,3
swinging,2
barghest,4
rong,2
dbfighters,1
towel,2
hormonally,1
sucker,2
healthcare,1
dumped,1
chubcoping,1
humiliated,2
yknown,1
links,5
smallest,6
baro,2
hihihihihi,1
intimidating,1
steve,5
archie,3
discharge,1
migrating,1
bands,10
twincest,1
carbival,1
rogue,3
suuuuuure,1
distanced,1
happen,54
hoje,1
grappler,1
explained,6
bicon,1
assignment,2
coner,2
yourlocalcatboy,1
softie,2
nutella,3
crucible,2
programable,1
memory,41
soda,6
units,4
babyyyy,1
kiddos,1
rapping,1
hoarded,1
brainrot,7
mouse,21
chow,2
fatezero,2
verifying,2
egging,1
shamed,2
lumipuppy,3
token,5
charictors,1
recieve,1
frrrr,3
helicopter,2
ladydevimon,2
equally,6
divers,2
yakuza,14
dumbest,1
burnnn,1
investing,1
fluid,2
assumes,1
everybody,6
kryptonite,1
interrogation,1
attention,32
asmongolds,1
hibernate,1
basis,7
sammmmmeeee,1
satisfying,6
korean,4
stench,2
shenis,2
kazuma,2
likable,1
settings,1
tweet,5
vouch,7
potting,1
ungah,1
smoller,1
yayyyyuu,1
thwyre,1
babeth,1
bisexuals,2
arrange,1
especially,26
diminishing,1
reprogramming,1
aince,1
daaaaamnn,1
mirami,3
survival,3
lesbians,42
dull,2
jonesy,2
intimidate,2
recycle,3
dropped,22
bugged,1
cheerleader,1
regimen,4
scores,2
copper,1
chucked,1
drypeaking,1
accusations,1
tshirts,1
artsyblush,3
appt,1
emotiuonal,1
fnnster,1
shhhhh,4
pronounce,2
bleeeding,1
drama,3
liable,1
pieces,4
airborn,1
trimmer,1
conclusion,2
biiiig,1
seem,30
chillll,1
judge,11
inhumane,2
tech,26
consumption,2
interact,3
chaffed,1
especial,1
expected,17
whyyyartsycrycow,1
doujin,3
aaaaaaaaaaaaaaaaaaaaaaaaaaaaaaaaaaaaaaaaaaaaaaaaaaaaaaaaaaaaaaaaaaaaaaaaaaaaaaaaaaaaaaaaaaaaaaaaaaaaaaaaaa,1
created,6
literal,19
pentagram,1
spoilered,1
reentering,1
next,136
touché,4
presidency,1
expirence,1
boulz,1
arrangement,2
schoolgirls,1
swiming,1
yoracrab,1
connections,5
hangsister,1
tlel,1
serverthat,1
pouting,1
autistic,54
ijiraq,1
blew,4
failure,9
tapeworm,1
pogstar,1
wemains,1
trueeeeeeeeeee,1
quanitativabfiw,1
panini,2
cooch,1
snacc,1
crimes,14
imnooooot,3
woooooo,1
cisgirl,2
accountable,3
stalking,1
shoddily,1
pleaded,2
posse,1
result,199
oshi,1
worldbuilding,1
faior,1
stalked,1
matara,1
convert,4
fiyuhfocks,1
overrated,3
satisfaction,1
chokesd,1
jayce,4
gaying,2
bites,14
afterwards,8
shoving,1
suuuuuuuuuuuuuuuuuure,1
nutrition,1
gumchp,1
gahhh,1
nive,1
pleaseeee,1
grade,5
culminating,1
trannys,1
prosps,1
grips,3
applies,3
macaroni,1
nthe,1
reaaaal,1
cuts,5
razer,1
transfitness,1
bull,2
yeahhhhhhhhhh,2
fujoshis,5
thereeee,1
liftin,1
bolt,1
tropes,1
sevika,9
cunts,1
flop,1
disabilities,1
exxcuse,1
yummier,1
eurocuck,1
loolimg,1
subscribe,1
problems,11
surgeon,1
puppy,354
oceanic,1
pvestory,1
handful,2
disturbinh,1
then,646
aaawooga,1
speriments,1
smoker,1
disabled,1
fingie,2
image,46
alienation,1
constructive,2
regend,1
fodder,1
areeee,1
marketing,3
chan,25
affirm,1
whisper,6
transmasc,10
dickheads,3
woolies,2
sanitary,1
executed,2
hinges,1
volumes,1
noot,3
aweeeee,2
bound,6
boywife,5
adjusting,2
pleasurable,1
finesteride,1
experiencing,2
yoooouuuu,1
shaming,2
showering,2
happenin,1
bleach,8
ethernet,2
fuckall,1
italian,7
triangle,1
bummer,1
snail,8
configured,2
yoga,4
qemast,1
squiggles,1
sniffs,1
wvrm,1
oversleep,1
overthinker,1
morbning,1
thinner,1
entire,38
degrees,7
nngghh,1
stats,13
commissions,4
test,39
refunding,1
tastes,8
sleeping,31
current,28
wombs,1
validated,2
patted,2
frontiers,1
guns,9
liking,8
exiles,3
crunchyroll,2
watermelon,1
continets,1
commonly,3
skeleton,7
sooooooooo,1
docs,3
johnny,4
gardevoir,3
index,1
demons,7
customer,3
deadlock,3
county,1
silly,63
regime,1
dangouse,1
shells,1
offence,2
sufficient,3
friendly,298
endanger,1
novels,3
quinn,4
capital,5
cultural,2
devid,2
bronze,1
battery,5
romantically,1
worldy,1
monkey,18
boiling,2
thicker,4
lactate,2
hhhnnngggnngngn,1
shhhsadmfikng,1
weaver,1
posts,12
holla,2
homestuck,3
renamed,3
recast,1
shelley,1
yeshehehh,1
increadibly,1
cuuuuuuuttteeeeeee,1
plagiarism,1
slant,1
watched,40
oneartsycrycow,1
everest,1
ethos,1
clinics,1
missile,1
suzuki,1
sylvie,15
wordpress,1
momey,1
jabberwocky,1
gendou,3
leads,4
plumed,2
floridacore,1
allo,1
shloorrpin,1
sauce,19
sqaud,1
ramlethal,3
xenophobia,1
shrimpies,2
baritone,2
stinkyyyyy,1
clap,1
yuppers,3
paladin,2
whatcha,6
happt,1
blueish,1
built,37
terrorize,1
cutmovies,1
deadass,17
whack,8
cockroach,1
manipulates,1
torrenting,1
rayquaza,2
jesus,49
basalt,1
patpatpatpat,7
symbol,3
wonder,36
bingo,9
wotah,1
deadskull,1
blood,106
fittest,2
fired,5
deprivation,1
pellek,1
cooperate,1
shadows,1
inlove,1
fishermans,1
mounted,1
mutants,1
varioud,1
melted,3
pizzaburger,1
chief,5
spelt,2
headgear,1
halo,11
oversaturate,1
forbit,2
yearsish,1
nevah,1
hung,4
impressing,1
whores,7
freed,1
shitting,7
kink,39
meetup,1
nini,4
flashing,2
oversized,2
devour,2
lockout,1
scratch,15
tyat,1
enteringleaving,1
fillings,1
overtired,1
heroforge,1
jubjub,1
struggling,6
meowing,1
choice,20
trruth,1
aidan,1
instruct,1
greentexts,1
yoooouuuuu,1
mwaaaah,1
aaaksjhdfcskjfhsdkjfhdsjkvhk,1
transform,3
nappuie,1
cafes,1
checked,10
stricken,1
detransing,3
triggered,2
vulkan,1
trillion,1
overflowing,1
mcdiddys,1
yeahhh,15
trees,2
dissipate,1
estrogel,2
hello,55
ethnostate,1
wamt,2
calculates,1
rlly,1
playlist,32
oddly,2
breakcore,3
mansa,2
block,12
tyyyyyy,1
uggah,1
morn,1
tbat,1
saturdays,1
shiiiiiit,2
sling,1
decorating,1
partnership,2
reloads,1
accelerating,1
vanguards,1
whiffling,1
breakup,3
together,79
conquore,1
sowwytiriwingl,1
gorge,1
plum,1
suppressors,1
themn,1
imaging,1
programs,5
shiiiit,5
doxxed,2
gassing,1
jump,13
chaotic,3
hopeful,1
trog,1
darth,3
desired,2
plagerising,1
tripped,5
inversion,1
habbi,1
duet,1
jugs,4
laughs,3
summer,17
desicionmaking,1
jojos,2
cupnoodle,1
lifr,1
kidnao,1
cells,3
sunday,17
hmmph,1
playtest,3
ramona,3
canincally,1
magnet,1
inears,1
finding,20
priestess,3
gate,7
snake,10
gale,3
tear,2
sidequests,1
stopping,4
broad,2
doujins,1
cling,2
racist,22
mmmnnghhh,1
nvidia,7
sadge,6
womben,2
methane,1
celebi,1
scrapped,4
influencers,1
lythero,2
labour,3
drove,4
searching,4
heavens,9
schizo,1
abaddons,1
studs,1
probably,159
bred,3
swsh,1
soju,6
forearms,1
gyat,1
easter,6
whiskey,2
mispelt,1
ellasensei,1
meanings,2
wasted,3
fixed,13
junbiok,1
adam,1
decides,1
akward,1
dressing,3
denunciation,1
gooner,9
race,21
gusta,1
bluey,1
picture,25
bangs,7
forehead,3
monhead,1
packets,1
amalgamation,4
kits,2
smirk,1
cycling,2
garchomp,1
pokedex,1
hopes,1
creampied,1
invert,1
remembered,17
kver,1
grape,3
wives,11
taub,1
laggans,1
clarifying,1
chuckle,1
mhmmmmm,1
physically,12
ikea,4
first,243
rightwing,1
omnoms,1
touhou,1
harlot,1
yippeeeeeeee,1
liked,27
rocking,1
sketch,7
solar,2
spectrum,14
rods,5
gonnna,1
doodle,2
callout,2
asking,38
rider,1
coflipside,2
someday,9
astropath,1
scare,3
targeting,1
maintenance,7
distinguished,1
suffocating,1
effectively,1
tomboyified,1
asses,1
thanksgiving,1
iknowlotsofwords,1
helmet,4
while,254
blocky,1
item,7
matarakan,1
converse,2
goonius,1
ideal,3
𓀶,1
minute,25
thoughtss,1
bimbo,1
relating,1
someway,1
cylinder,1
ohhhhh,1
mrooww,1
alpöge,1
masking,3
laundry,2
speak,48
asia,1
coding,4
crystal,1
ignore,26
bandwidth,1
scandalous,2
kiriko,1
dogs,22
doggie,2
quite,41
subsaties,1
climb,7
nananya,1
gove,1
blue,38
quintillion,2
transylvania,1
pepeaww,1
sanctioned,1
overusing,2
prohibited,2
wink,3
coins,4
hater,3
woooo,2
woth,1
booboo,1
gooooood,3
lobotomize,1
ants,15
gotchu,6
each,59
mommy,24
propa,1
tisms,1
caste,1
pundit,1
loool,3
concepts,2
deepest,3
fluency,1
bonesmashing,1
soraru,1
removed,8
skunk,2
there,536
logically,1
traction,1
disheart,10
heater,3
connects,1
appreciate,19
spiked,1
kellin,4
bending,1
player,38
osmeday,1
owns,2
handle,16
maria,1
toucan,1
duct,3
utterly,8
rumors,1
frustration,1
interchangeably,1
accepted,7
deffs,6
inncocent,1
unprotected,1
fuuuuun,2
pobblebonk,2
chocy,4
where,323
subtext,1
chocked,2
revive,1
muffins,1
burgmer,1
raspy,1
pauses,3
mehca,1
adaptation,2
killing,20
peaknalis,1
warmer,1
smile,13
heelturn,1
erotica,3
whips,1
kukin,1
dysphoria,19
follow,21
shrugs,1
babnana,1
aighty,1
smtg,1
animate,1
ketchum,2
garfhop,1
littttttle,1
claimed,2
jewellery,1
lizard,9
fukin,1
udon,2
rraahhhhh,1
cripple,1
consoled,1
reflect,1
mentality,1
visuals,4
gobo,1
bank,11
sate,1
moan,5
proponents,1
favorites,2
detects,1
loved,11
peaceful,1
muscular,6
dipping,1
movie,58
shikanoko,1
sonic,10
spyro,1
tampa,1
nhaaaaaalove,1
tlaking,1
religiously,1
gaymen,1
aktually,1
tkaing,1
haikus,3
wompwomp,1
baguette,2
absolutly,1
needing,8
polybius,2
attitudes,1
cena,2
enigma,1
romania,1
guarantee,1
konow,1
timer,1
gringo,1
lowgl,1
teinks,1
accustomed,1
finger,8
paycheck,2
yassss,1
mouth,40
large,16
shampoo,9
gameing,11
intentionally,3
ewww,2
bosses,1
render,4
gringos,1
trainernurse,1
bedminton,1
dice,35
hunnie,1
confirms,1
nipples,11
alreadytiriwingl,1
cookiws,1
model,27
ashita,4
shirtless,1
meltcry,1
ovipositor,1
hysterically,1
peer,3
bleh,2
dudrs,1
lmso,1
pretty,377
hulllooooo,1
staryu,1
badguy,8
perra,2
maiden,13
acutedeadscareddienohelp,1
inner,7
lmaaaaoo,1
pixelated,1
bent,1
triped,1
okiii,2
resilient,1
living,26
staynight,1
wearing,31
cries,3
topic,7
kidney,5
clowncore,1
execute,1
blaidd,4
dronification,1
task,5
santana,1
coolest,2
occasion,3
whos,57
ufotable,1
morkanauts,1
roast,2
heyyo,1
jeez,8
ikrits,1
outlet,3
crosses,1
accessible,3
hiring,4
legible,2
faker,4
dreamworks,1
caterpillar,1
chubby,14
frontal,3
users,4
emotionaly,1
brings,2
thirsty,1
tomboymoding,1
wide,11
colombian,1
immaculate,3
reread,1
complain,9
someting,1
hawve,1
healbound,2
festival,2
pmpm,1
female,16
dental,3
buppy,1
likely,26
trumpesque,1
catatonic,1
directory,3
cracked,9
pristine,2
cringier,1
hdllo,1
folded,1
molds,2
toxic,21
kyear,1
sorryyyy,1
aghost,1
attachments,1
tater,1
limbo,1
studies,2
america,28
mornings,2
infatuation,1
addiction,5
yeet,2
persona,6
impact,17
mazyblush,1
pains,5
reel,6
five,17
spraying,1
anyone,165
recollection,1
trie,1
lease,2
molly,1
excalibur,3
results,19
withstand,2
firewood,1
fleets,1
planted,2
enacted,1
mistakes,1
titanfall,5
kaido,2
impair,1
clean,41
lumiiiieeeeeee,1
toughness,1
zomboid,1
sadness,3
aahjf,1
recommendation,4
sexy,33
episodes,6
geass,1
canon,12
sobbing,1
yeaaaassssss,1
𓀕,2
greentext,1
noah,1
terminators,1
oohhhh,1
slippinlaudna,1
powerlifters,3
slurs,14
furthers,1
hgfjfhf,1
permhaps,1
triple,6
differently,2
pwecious,1
negative,8
stinker,2
inaccurate,3
pensiveline,1
gone,42
hawiian,1
bdjwbekjdnwjdijdjjdartsyblushcow,1
taking,71
guacemolyarts,1
finana,1
glitches,1
faglord,1
cutiessss,1
confuse,4
slam,2
becasue,1
players,23
acquired,6
craazy,1
person,150
cooldown,1
suffer,8
designing,2
crumbling,1
currency,2
arch,3
coworker,3
imperfections,1
nooooooooooo,1
detection,2
reign,1
flavour,3
swedish,1
huggie,1
nowadays,12
honorable,3
heimlich,1
omgomgogmgogmgomgogmgo,1
cunter,1
lungs,3
aching,1
sweden,2
niggas,6
download,14
shun,1
painslut,2
awww,27
chase,4
trueee,5
incredible,12
iwasnthiding,1
sent,50
bstabby,1
woag,2
greifing,1
definitely,75
differences,5
reply,18
brag,4
violations,1
microwave,3
berries,1
presence,3
overcharge,2
yuhhuh,1
dabbled,3
conditions,1
link,37
backwater,1
starkiller,1
regain,1
float,1
survey,2
shapes,1
mentions,1
aesthetically,2
violently,1
democracy,3
shylily,1
heavenly,3
induced,1
slenderman,1
chunky,4
guardsman,1
scanners,1
hesitation,1
spam,17
anybody,3
airports,1
skodai,3
collectors,1
wars,13
siege,2
𓀑,1
approx,1
preferences,1
preaching,1
resin,2
knifey,1
connector,1
sheeezus,1
harddddd,1
yappers,3
gentleman,2
warpstones,1
picky,2
dead,49
expired,5
bells,4
ugliness,1
frick,2
preop,5
winner,1
silvblankiesdance,1
shoe,4
vodka,6
chewtoy,1
dinkylittle,1
modules,1
warren,2
mimicking,1
ugly,9
viewed,2
somewhat,12
couch,6
vandire,1
unpainted,1
trueeeeeeeeeeeeeeeeeeeeeeeeeeeeeeeeeeeeeeeeeeeeeeeeeeeeeeeeeeeeeeeeeee,1
icons,1
pettings,1
blocked,1
falling,8
argued,1
olympic,1
aggressively,4
melter,1
riip,1
sheath,1
instant,9
slepp,1
ratviktor,1
refrain,4
votann,2
milk,47
wistfully,1
trolleys,10
callate,1
kamui,1
endless,8
robots,4
borgor,1
rooms,3
budget,6
letsgo,1
yosha,1
fellas,47
snipes,1
priestpinhead,1
indian,3
asap,1
swiss,3
purchase,8
chestnut,2
storms,1
insert,5
tongueouthearts,1
girlpills,1
jane,4
jiggly,1
shepherd,1
worked,31
𓀹,1
yaay,3
preferred,3
complexity,1
couples,3
sighed,1
fascist,1
kneel,3
transphobe,3
phrased,1
sometimes,89
overcomplicated,1
gigs,1
wrath,1
sword,26
bette,1
prebuild,1
heartbeating,1
okoyasu,1
kndkanfnqudjwjbda,1
scenw,1
drift,3
legendary,4
lgbtq,1
increases,3
fuckj,1
peaked,1
fibre,2
roman,3
gnotta,1
degeneracy,1
tribe,1
solvent,1
edgy,7
morty,8
fnaf,3
blown,1
poision,2
sleebi,1
flapper,1
stuck,15
hacking,1
elizabeth,3
moving,17
hrje,1
facetank,1
prop,3
pigeon,1
lashes,1
spraybottle,1
drinking,23
waashdhdh,1
libtards,1
resonate,1
sadomaso,1
masoschist,1
sorru,1
detroit,4
hoirs,1
goonmorning,1
hardline,1
shouldve,2
hats,1
nack,1
specs,8
fantasize,1
shiiiid,1
shortcuts,1
lingo,2
cash,3
winding,1
hatw,1
appstore,2
phase,4
tastie,1
thousands,4
supple,1
thicc,5
highlighter,1
encourage,3
ahoy,1
despises,1
immune,2
anywau,1
researches,1
jones,11
wildest,1
bottoms,18
raged,1
software,18
fatshark,2
licening,1
spontaneous,1
raddish,1
breathers,1
comic,16
animalinsectfishidk,1
producers,1
mewhehe,1
alkazam,1
nahhhhhh,2
caps,6
battlefield,1
massive,10
opposed,4
psychos,3
wife,59
screens,2
exposed,6
sharkie,2
moron,4
peace,10
canvas,1
including,6
hehehhe,1
repeat,8
temporarily,1
imploding,1
leggings,1
proceeds,2
winded,1
joan,1
fuckery,1
fact,70
adventuring,1
nanaaa,1
fools,1
okfine,1
junji,1
tolerate,2
concern,3
dizzy,4
demolished,1
address,7
explorer,1
aeugh,1
exubisoft,1
ashiiheart,2
farming,9
goodnitee,1
adderall,2
assumed,8
wahoo,5
pests,1
greener,1
giggling,3
slithy,2
sexualise,1
ouppy,1
canned,3
noticed,16
mistake,10
magnitude,1
meta,12
leds,1
mageesh,1
nicole,27
account,45
specific,16
basics,7
idont,2
happier,3
sanguinus,1
parallels,1
sounding,1
cane,2
popularity,3
pidgin,1
show,106
tthere,1
youre,796
goth,14
pissed,5
bricked,1
sleeker,1
approve,3
jnow,1
listened,3
shrmpphh,1
shouldnt,34
official,10
bcatblush,1
stayed,5
cream,26
trusts,1
blud,1
critiques,1
combusting,1
allah,4
muahahahahahaha,1
faaaaaaaaaaaaaaaaaakkkkkkkkkkk,1
late,46
threesome,1
sultry,1
fittness,1
vessel,2
painting,4
martial,3
sperm,1
kirbyangry,1
vibrateetor,1
fliers,1
meeting,11
dehydrated,3
palmer,2
gelatin,4
rewatch,2
wendys,2
menderogatory,1
educating,1
yarrrr,1
dinky,1
babel,1
bursts,1
trashing,1
pippa,2
kaud,1
unwatchable,1
pure,11
chat,80
intergalactic,1
ella,209
blind,13
trying,146
multimelta,1
polemic,1
drowing,1
uwak,1
halted,1
milladumb,1
weakest,1
associates,1
clarity,3
scaling,1
band,10
condoms,1
move,56
certification,2
risk,7
differs,1
intensity,2
user,17
playyyy,1
nightfall,2
cobalt,1
saint,2
usss,1
ideally,1
breedable,1
muties,1
extent,7
keeping,15
purrs,2
goto,7
reborn,8
dollars,14
humid,1
throat,16
endeavour,1
kitkat,6
understand,57
lifesaving,1
ammo,5
gainsss,1
fora,1
shows,14
properlyyyyy,1
niiiiice,1
maybeee,1
boobiest,1
obligatory,2
rage,5
matched,2
comum,1
inspiration,3
field,4
tbey,2
highlight,3
horrible,17
timbers,1
bleeding,3
saaame,3
keikaku,1
nino,2
yaaatyyyy,1
killteams,1
pree,1
regret,2
withcurse,1
ignoring,8
ahvent,1
bows,1
discount,4
trinity,1
drew,12
notttt,2
unspoken,1
bean,4
mouthwash,1
registered,2
microneedling,1
tats,3
mald,2
super,80
henyo,1
warpstone,2
catdance,1
meetcha,1
hemit,1
nonly,2
questioning,1
humans,15
hyperneko,1
homedawg,1
jelking,3
braineor,2
betray,1
clarkson,1
pênis,1
hiatus,4
ripley,1
trashed,1
horde,2
present,5
mrraaww,1
oooh,16
snitch,2
aspens,1
𓀚,1
noncanon,1
rams,1
menu,6
ssds,1
discords,3
manny,1
semifinals,1
brigadeiro,2
umbilical,1
western,3
blake,1
draws,2
unease,1
sets,32
stylized,1
mmmean,1
hurdle,1
rarri,1
katy,2
lovense,9
issue,99
ride,12
thoughbeing,1
rabbithole,1
ship,19
dhdifhudus,1
demon,16
lowlevel,1
binds,5
scenarios,1
enron,3
concoction,2
efficient,3
zero,18
stink,2
surf,1
resembles,1
fetishist,1
facility,1
edgerunners,1
couldnt,56
poor,35
upper,18
floaty,1
sporadic,1
fite,1
auther,1
merch,10
clocky,4
cutiepie,4
nyah,2
phonk,1
yearn,8
filtering,3
goodmorning,1
huffs,1
wrufff,1
begging,4
comically,3
wannaaaaaa,1
work,376
puritans,1
mine,127
toasty,1
hooked,1
eeek,1
zbsweata,1
wither,2
gauge,5
spaghetti,9
superheating,1
sovereign,1
mate,15
screenshot,9
killteam,3
tenting,1
medics,1
radiating,1
exaggerating,2
rosy,1
hapy,2
studios,4
yrilet,1
catboy,5
blatant,1
relearn,3
personified,1
horrificly,1
wips,1
rizzlers,1
controls,4
chasery,1
jetting,1
brawling,1
oatmeal,1
insulting,1
abhumans,1
senshi,1
pookies,2
moneo,1
hjfjgk,1
sammies,1
peas,3
batshit,4
everynyan,4
cynical,1
csgo,1
char,5
choccie,1
apoligies,1
pebbles,2
cool,207
apologising,1
chainsword,1
beaten,3
hoping,15
chirp,5
wholesome,15
myspace,1
vroom,6
batman,7
veredict,1
unreal,1
ziona,2
fabric,2
slinging,1
conserned,2
weezer,1
relevance,1
loins,1
greed,1
purged,1
yall,164
noble,3
youuu,4
prefatigue,1
realize,14
archer,2
murdering,3
quizz,1
differentiate,2
contributes,1
sabo,1
concussion,1
imprisoned,2
occasionally,7
gensys,1
discounts,2
goldfish,2
drooling,1
experimentation,1
boygirl,1
stocks,1
norwegian,1
animal,12
sweaters,3
aunt,11
thankfully,15
sysadmin,1
coded,18
recipe,9
improve,11
adjustable,2
sega,1
mister,1
images,5
spot,22
underneath,4
unfortunately,64
threat,20
shteppi,2
empirical,2
funnily,2
beserkers,1
reading,54
ruins,1
tolerant,2
buttered,2
throw,26
cumulative,1
tilting,1
squished,3
hggjjjf,1
outworld,1
assets,3
hitachi,1
swallow,4
timr,1
collapse,6
landfill,1
nyoh,1
gday,1
house,80
graaahhh,1
wiring,2
jsut,4
appreciates,1
formalise,1
madman,1
drill,5
purr,2
servos,2
rationally,1
girls,111
trex,2
bills,3
appreciation,8
copy,11
river,2
joel,20
program,27
discussions,3
thatis,1
evasion,1
ados,1
moderate,5
believing,2
grannys,1
bazongas,1
fire,52
hehehee,1
indulge,1
embodiment,1
noses,2
bench,25
sneed,1
reflection,5
fishnets,3
nonbinary,15
switching,1
smashes,5
yapper,5
sanctums,1
hohohoho,1
luffy,3
meee,5
seductively,1
depth,3
jeckas,4
chopping,1
rdnd,1
conditioning,1
muhgod,1
unhealthy,2
shood,1
more,847
zoned,1
assortment,1
intact,1
debate,5
bbygurl,1
blissful,1
seats,2
yagami,1
dpad,1
precoming,1
yapanese,2
pastel,3
supportive,4
burly,1
flakes,2
payoff,2
omnomnom,1
ruck,1
elevator,3
malls,1
bbdhagdhab,1
cogging,1
dongle,1
controversies,1
protected,2
worth,58
insult,6
farmig,1
accents,1
flatpack,1
exiled,1
breeatthheee,1
chart,3
charcoal,1
policy,3
debates,1
imagery,1
logins,1
flowing,1
admiting,2
frend,2
mnms,1
remix,2
akira,1
circus,2
removing,3
egel,1
staff,7
reasoning,3
runescape,11
happy,149
fluster,10
isaac,6
coles,6
standoff,1
stumbled,2
pacing,3
reform,1
maturest,1
probly,3
beddd,2
barggy,2
athlete,1
therr,1
distance,8
williams,1
freakypines,1
maine,1
redundant,1
relic,4
mana,11
queer,17
married,9
implented,1
nutients,1
longish,1
nefarious,1
waxing,2
earthquake,2
lobe,2
cookies,19
trueeeee,2
overarching,2
mixing,3
snore,1
give,286
caffeine,33
snowing,1
least,155
meaning,15
nyaw,1
nextttt,1
buddies,1
kknfnnngngsnghs,1
except,40
infinite,4
barnyard,1
kirby,3
mirmir,1
illegally,1
genres,1
presume,1
equeal,1
derivatives,1
handmade,1
heavily,6
checkout,1
figure,20
destiny,6
says,71
recommendations,2
stated,2
massacre,1
thrifting,4
routes,1
crimemas,2
hehehei,1
hallucinations,1
heather,4
grind,20
capn,3
nuuuuu,3
iunno,7
handstand,1
smooching,2
appoijtment,1
hatefuck,1
scanner,2
folk,2
parts,42
trashcan,1
plzz,1
papaya,2
confusedquestion,1
estogen,1
pretimeskip,1
thigmajig,2
ochako,1
lolol,53
mostly,40
sacrifices,1
clockiness,2
countdown,1
juicebox,1
enjoyers,1
import,2
pizzza,1
bothering,2
available,15
banan,1
fizzy,2
stemmed,1
capitilism,1
pita,1
wioth,1
addicting,2
finance,1
mnmnmhmn,1
shai,10
lady,20
releasework,1
came,58
width,3
implementaiton,1
lift,24
mobnnbstere,1
tribes,1
midair,1
cardboard,3
audience,5
personallyy,1
dangerously,1
broth,2
grand,5
bigotted,1
pleather,1
expomarkets,1
marginalize,1
nukor,2
survive,20
gold,20
lumi,68
djsbsishsi,1
watches,4
número,1
oomfies,3
buddy,8
ssmash,1
convince,8
ababbaa,1
milky,1
voyeur,4
focused,7
locky,1
booze,1
moby,2
pleasant,1
ajkfhsjkd,1
steroids,4
showered,2
blochaus,1
victim,8
imposter,1
botify,3
whynits,1
surgery,30
cuties,5
krisler,1
crimbas,1
knowlage,1
inted,1
frizzy,1
gulliman,1
shaggers,1
tali,2
whyyyyy,2
peekaboo,2
problematic,1
temped,1
anomaly,1
colgate,1
fumbling,1
trailer,5
details,6
consistently,1
guilherme,1
copied,1
gooooo,9
weakness,2
measuring,2
crowded,1
tiding,1
geeking,1
chuunybiou,1
digress,1
sincerely,1
affected,1
jeezus,2
perscribing,1
scroll,6
nmgngghhhh,1
kibby,2
power,63
daycare,2
gaining,6
bwuhhhh,2
chudlings,1
flicks,2
scot,1
karlach,2
boof,2
creatures,6
fading,1
care,65
dubstep,1
vests,1
boludos,1
luckiest,1
thoooo,2
auto,7
americal,1
coco,3
comander,1
blonde,8
extensions,14
premise,5
shotgun,6
cannoli,1
mfkers,1
yurrrrrr,1
farms,4
lumy,1
addictive,2
catsonas,1
messagds,1
unclear,1
casuals,1
freezed,1
plastics,1
natural,12
sundays,2
bluestacks,3
magnets,1
slaughtered,2
dabhandright,1
goombus,1
quicker,2
granted,2
class,44
hastur,1
brainrots,1
convenient,5
deadnamed,2
chell,1
ooooghhnn,1
empty,9
breaks,4
cyphus,2
smöl,2
gooootcha,1
parody,5
inherited,1
boxing,7
mobspawner,1
misandry,1
arcueid,1
kittens,1
twain,1
introduction,1
dips,3
tooth,2
guessing,5
skins,2
rollback,2
doggirls,2
spreadsheet,1
fremen,1
actuall,1
shirts,12
damnnnnnnn,1
prettyyyy,1
explaining,8
ready,29
bootleg,2
orwell,1
chromosomes,2
breaker,1
texting,1
bethesda,1
multicast,2
dwarves,1
jinxs,1
iydkydk,1
haiiiiiiiiiiiiiiiiiiiiiiiiiiiiiiiiiiiiiiiiiiiiiiiiiiiiiiiiiiiiiiiiiiiiiiiiiiiiiiiiiiiiiiiiiiiiiiiiiiiiiiii,1
positively,1
morrigans,1
steeeeeeeph,1
initially,1
tends,1
whatstshdjfir,1
play,325
avarice,1
peepnor,1
healing,3
cooling,8
decieve,1
toss,7
cudle,1
await,1
juan,1
thumb,4
supersets,2
woul,1
stinky,18
nicknames,2
nuance,4
mitsu,1
skulls,6
recall,5
gays,5
node,2
becoming,9
magazines,1
discarded,1
remembering,4
misgendered,3
stupid,76
headset,2
finna,5
intimidated,1
directon,1
makarov,1
burn,16
aahh,1
haikyuuu,1
cauldron,1
sandpapery,1
just,2158
ssleeve,1
discovered,12
downie,1
reciepts,1
closed,6
collors,1
appmanifest,2
foundation,9
grab,26
petpetpetpetpet,1
maybetiriwingl,1
providers,1
blacked,1
make,605
operating,1
despite,8
shildeg,2
themmade,1
shattering,1
hnhngnnngn,1
midly,1
birthchange,1
imprint,1
notices,2
scanned,1
cyclic,1
kudos,1
tittyskittles,1
scratches,9
trophy,3
vaalhazak,1
ezcurl,1
dear,21
goly,1
implying,2
likr,1
misclick,1
russian,5
faahahahag,1
copypasted,1
darl,1
than,295
theyre,271
engage,6
hugely,1
darkrai,2
abseiling,1
tyberos,2
penile,1
yeahhhh,15
tools,8
vision,6
tranfems,1
stickers,8
stubbornness,1
eggrenadrool,2
feelings,21
todo,2
gayyy,1
bungee,2
qualify,1
winery,1
syringes,1
thinknig,1
picking,10
eggniasmug,2
militant,1
tread,1
uneven,2
sellen,1
conversion,3
freee,2
missing,16
pumpking,1
sexuality,1
eyebrows,6
stripf,2
csmpowerpout,1
multi,7
suffice,1
chronic,3
brute,1
gothic,1
jokers,2
kyoani,1
solder,2
forgot,109
bame,1
interface,2
chap,1
note,20
chem,1
ignorance,3
huggies,3
bombger,1
personally,23
iron,19
jest,4
rectal,5
alcoholic,7
solos,1
voids,1
wakes,1
mamma,1
liiittle,1
robbits,1
fighting,21
allergic,2
afraid,11
doast,2
examples,2
sayin,4
output,1
acknowledging,1
petition,4
correction,1
stupider,1
wished,3
affection,9
patterns,7
gayshit,1
abysmal,1
buuuuuut,1
varied,1
safely,4
empathy,1
insane,60
stop,110
thirties,1
recovered,2
pina,2
ovulate,1
drive,37
noise,11
skirt,8
deletes,1
calmest,1
fatestay,4
bestie,17
assist,3
dress,27
reuse,1
implants,5
polnareff,2
glad,45
hang,31
deplatform,1
onesie,1
twinks,4
eben,1
screaming,3
messed,5
served,4
bikesales,1
likea,1
lmaooooo,1
fuuuuuuuck,5
perfectly,9
began,1
identical,1
oooughh,1
lawyers,1
trapped,4
sheet,5
lpng,1
appliance,1
quoted,1
audible,1
fancy,9
passion,3
merc,1
disagreeing,1
caterpie,1
luigis,1
aaaaaaaaaa,1
forbid,5
slutty,3
potemkin,11
whoop,3
tail,29
splurged,3
deadline,1
bodied,3
specgang,1
redline,1
revenue,3
streak,3
rents,1
poetry,3
luckily,6
suspicious,2
balding,3
hibana,1
templates,1
yard,1
tried,78
editing,1
canadians,1
whooooos,2
haikubof,1
cliche,1
pronounces,1
scalpers,2
radical,2
garlic,8
gravy,1
grinding,2
archnemesis,1
xmas,1
naked,7
tabletop,2
psychotic,3
maya,1
mini,2
discussing,3
stis,1
soooo,9
warp,2
skyla,1
mornigng,1
theys,1
carriage,1
unstable,1
sajkfnlkasnfklef,1
pirating,1
compair,1
mispecied,1
sites,4
powerwolf,1
awwww,10
wears,1
polyuthrane,1
growth,22
steers,1
psych,3
soooooo,3
stages,2
berserk,1
donot,1
forest,2
yeahhhhhh,19
astounded,1
goofy,6
fategrand,1
numbing,1
xanakin,2
regularly,2
listener,1
rebbull,1
strapped,2
moms,1
volkswagen,1
maow,1
kissing,12
concession,1
mere,1
invention,1
nips,2
tramp,1
evolved,4
tolerance,3
lobby,3
strange,6
choo,2
gripped,1
unaware,1
distractedddddd,1
kirmsas,1
hyou,1
kahlua,1
stepstools,1
woim,2
relaly,1
killian,1
cosplaying,2
shiiiiiiiiiiiiiiiiiiiiiiiiiiiiiiiiiiiiiiit,1
jacobian,2
slimey,1
manner,1
cookers,1
shorstacked,1
bedartsycrycow,1
switch,21
barely,44
yoooo,11
haul,4
mudborne,1
corn,14
eeep,1
consensually,1
streamed,3
monching,1
coma,3
larger,1
foiled,3
powerlevel,1
keystone,1
guilliman,3
capitalist,2
pale,2
salmon,1
wanna,418
thus,16
plasma,2
shreddit,1
samich,1
reallym,1
remind,14
carbs,9
substrate,2
knots,3
plurality,4
andill,1
connection,5
tosay,1
rightfully,1
snaps,1
fingers,12
vegimite,1
fallout,10
drank,9
aloud,1
charge,7
legwork,1
sugars,3
justification,1
bieber,1
celebration,1
𓀮,1
nouns,1
jorkin,2
hydrates,1
unmarked,1
sweetie,13
maths,11
romanian,3
latertiriwingl,2
biscuit,1
impore,1
sounded,8
𓀤,1
hectic,1
pulling,5
𓀟,2
heebie,1
york,5
profiles,1
squidward,3
onward,1
smonking,2
weirdly,2
wounded,1
snost,1
recalled,2
obsessive,1
nutshell,4
haunting,1
bleyhhhh,1
mearly,1
detail,3
bicha,1
nonsense,3
poorly,2
ones,96
todau,1
mall,3
smella,3
huuurts,1
steals,3
hiding,13
tuned,1
pajamas,1
𓁄,1
fins,1
ggrrrrrreat,1
resistance,11
rebellove,1
ragnarok,1
freaky,18
ahoulders,1
msblackheart,3
bare,12
representation,2
danger,4
water,85
status,21
goober,7
pokemon,72
bombin,1
mediums,1
eaaasy,1
geeky,1
furret,5
stops,10
summernats,1
mistress,2
major,6
lean,15
gilgamesh,4
giftcards,1
hatted,1
smiley,2
tbus,1
flour,2
baseline,1
brotherhood,1
volleyball,7
plans,5
sapphic,30
aspects,1
concentration,1
flex,8
citrussy,2
activate,1
deposits,2
macho,1
science,19
plant,6
puppycoded,2
buzz,1
latinos,1
toying,2
protector,2
replacing,2
omnibus,4
lorax,1
cooler,5
zottmans,4
complete,18
storyline,2
coloring,1
sharks,7
roomcode,1
coldest,1
reactive,2
thoughfhdhfhfj,1
wdym,19
lower,32
arranged,3
homebrew,4
exicute,1
queen,38
fortunate,2
wildlife,2
shlorp,1
strengthened,1
ethereal,1
narration,1
fantasy,5
wildly,2
skellies,1
firearms,2
coked,1
omkhey,1
responds,2
nono,1
relatable,20
calypso,2
yeeesh,1
inflicts,1
seme,1
whale,7
fairies,1
optimus,1
uninstall,1
deadlift,13
fuacwk,1
overkill,2
spookiest,1
sonata,1
pawwwgers,1
sniffing,2
dotpoints,3
haiii,4
learn,51
toggle,2
athleanx,1
fnnter,1
undisposed,1
vinnies,1
funnnn,1
offering,6
comedy,9
leysad,2
maximised,1
teen,1
awaken,6
lumped,1
beantiriwingl,1
cain,6
lvls,1
spirited,1
jagex,1
safijiiva,1
veins,1
grill,3
extraction,1
teeeeeeny,1
spoken,3
gmorning,5
damp,1
niche,3
polygons,1
roguelike,2
haloumi,1
venue,1
significantly,3
cathedral,2
trusty,1
tren,1
nerds,12
sergal,1
away,80
brave,3
benjy,1
informative,2
shoelaces,1
malewife,2
workshop,1
kamala,1
reeeeeal,1
amaze,1
againtiriwingl,1
thought,214
blindfold,1
weeks,26
principle,1
failgirls,1
iocaine,1
flirts,2
goooooo,8
corndogs,1
rara,6
mens,1
weords,1
highkey,2
inflict,1
canine,1
wondrr,1
taje,1
pweacious,1
discourse,2
civilzed,1
awwweeeee,1
oats,17
bleeds,3
defaulttm,1
honestlu,1
tripod,1
naming,2
words,66
nmqwertyuiopiasdfghjk,1
dialy,1
glimpses,1
boyfriends,1
argentina,12
disfunctio,1
summonefroggieeeeee,1
cuisine,7
confidence,3
watchin,1
jerk,1
splash,2
realising,1
codenamesuper,1
manage,16
grew,7
leblessed,5
dichotomy,1
siiiick,1
amazing,68
honeslty,1
violet,1
caffeinated,2
bolter,8
phyiscal,1
cars,34
realizing,4
functioning,3
slay,5
pancakes,2
imaginated,1
limits,11
tucking,8
gnot,2
masterlist,1
assurance,1
repost,5
pastime,1
masos,1
franchise,1
florence,5
wahuu,1
bombastic,1
strap,4
muscley,1
riding,4
exbody,1
livagar,1
proceeded,3
crimable,1
stall,2
catchphrase,1
skyrim,2
immagrant,1
jaws,5
firewall,2
awwweee,3
scalled,1
shins,3
inheritance,1
articleyeah,1
touchie,1
bulging,1
retail,5
dysmorphia,1
burger,37
tweets,1
placed,2
kohasmile,1
doggies,1
favs,1
incredibly,9
alternative,9
hiccup,1
monetize,1
shitty,20
arround,9
sick,89
nicely,4
narrator,1
owning,1
gonads,1
lightweights,1
wthhhh,1
mmmuuhgod,1
thrice,2
maximum,2
fuuck,2
british,10
yeaaahh,1
possesed,1
temptation,1
frying,1
crossing,4
shortest,2
distant,1
awwwwwnoooooo,1
loyalist,2
dose,8
leftovers,9
pfff,1
storage,4
forums,2
referenced,1
dwarfs,2
hoarse,1
genders,6
erbs,2
thew,1
followage,2
combinations,1
agnes,1
rupa,2
figured,22
assaultbulwark,2
puzzle,4
collection,6
developed,3
folgers,1
binx,1
witnessed,2
mambo,3
gfuel,1
𓀎,1
discreet,1
controllers,2
banrupts,1
retatoille,1
fixes,2
theorising,1
podcast,3
astronarch,1
tingling,1
skyes,1
suffering,5
brow,1
inclide,1
goonmaxxing,1
werk,1
𝓕𝓻𝓮𝓪𝓴𝔂,2
misnaminggendering,1
laters,1
mangione,1
miyanowild,1
chest,35
tyranids,2
howre,1
badguyd,2
appendages,1
spice,12
shared,13
hopping,1
eaten,12
livin,1
austria,1
sense,89
collarbone,1
lacey,1
someshit,3
upset,4
motivated,2
reconmendations,1
privacy,2
scabs,1
farma,1
whooop,1
prefiouw,1
horus,7
florance,1
tohsaka,1
gaymers,2
silicone,8
sanity,5
mustang,1
myself,170
cursed,24
chugging,1
stability,1
comp,6
driving,20
neighborhoods,1
knew,59
crap,7
lightning,3
abandonment,1
treasure,2
taint,2
defined,1
ropea,1
yeys,2
topping,9
notably,1
stingie,1
aaaaaaaaaaaaaaaaaa,1
infant,1
restriction,1
gatts,2
overworked,1
webfishing,28
blessing,3
obligated,3
envisioned,1
colon,1
silver,5
userespond,1
outlier,2
yatyy,1
humanly,1
agreed,11
metasploit,2
peers,1
pupper,6
theory,25
magnetic,1
mashed,2
guuhhhggg,1
cheeky,1
wood,11
illiterate,3
gouda,1
imaginative,1
losing,10
badmouthed,1
chats,12
dank,1
sweeping,1
carcharodon,1
library,12
gaaaaaat,1
anager,1
clan,1
aligned,1
invoice,1
simply,28
weirder,2
playlists,4
aintcha,1
triggers,3
booking,2
direction,3
variety,3
depends,50
whoever,18
specialities,1
singing,14
loads,1
lowtiergod,1
izutsumi,2
escalate,1
obsidian,1
ketchup,9
societies,1
thiiiiiink,1
guinea,2
iffy,1
comeuppance,1
view,15
glowing,1
plugged,1
eorh,1
bloons,30
antisocial,1
patched,1
calliopi,1
asian,28
skaven,5
greece,5
disassociating,1
spares,1
dinker,1
metiriwingl,1
alternatives,3
case,51
hickie,1
eyeshadow,6
rated,1
zoltraak,1
unforgettable,1
woman,85
brush,3
emojis,6
freely,3
umamusume,2
interactible,1
headband,1
create,3
playstation,3
puppsicry,1
summonable,1
𓁁,1
cease,1
ketamine,6
corset,1
involve,1
babes,1
logic,5
emails,6
borderlands,5
swollen,2
fulgrim,2
yess,2
bitchy,1
course,89
nesting,1
raygun,1
gloomia,1
moths,1
hores,1
groceries,4
spoonbill,1
invent,2
shooooot,1
holoen,3
shove,5
computer,29
websites,3
btree,1
secrets,4
prints,4
lowest,2
cassia,1
starbies,1
aquadynamic,1
production,7
phrase,8
headpatlumi,4
existedf,1
sings,2
beeeeeg,1
djundelskog,1
claims,4
froggy,3
peices,1
goooooooooooooooooood,1
pharma,1
southern,2
random,61
beefy,2
quirks,2
keymash,2
alicia,1
tomato,8
cooker,1
lubricant,1
mort,1
metric,2
gausage,1
noisemaker,1
homer,3
riggers,1
yesss,9
savoury,1
yeeeeeeeeeeeeeeeeeeeeeeeeeeeeeeeeeeeeeeeeeeeeeeeeeeeeeeeeeeeeeeeeeeeeeeeeeeeeeeaaaaaaaaaaaaaah,1
until,99
minnyasan,1
engridents,1
whatsersface,1
array,1
backwards,7
notyet,1
colada,2
wurmple,24
nutty,2
roamer,1
cried,8
clouds,1
alpharius,1
emotions,13
nergigi,2
ricans,1
haikuy,1
overdoses,1
deception,2
thstd,1
distract,1
bacteria,2
badminton,23
ohhhh,9
confortably,1
theyreweird,1
defeat,2
mansion,1
mexidão,1
miiight,1
brraap,1
tastyyy,1
cslur,1
bagels,1
damnit,2
ramira,19
spoil,2
audiobooks,1
ginger,6
household,1
favour,2
orderd,1
onto,8
duolingo,1
disease,2
trangender,1
pound,3
dutton,3
titans,3
brrrr,2
bolb,5
negotiation,1
enbys,1
grow,36
tutorial,7
dealership,1
refridgeration,1
hides,4
ibuprofen,5
meronic,1
melvor,1
freaks,7
tttt,12
emergency,5
scientists,1
neuro,5
arriving,1
health,15
strapping,1
odyssey,4
larper,1
jacks,3
commiting,2
masochist,8
undertones,1
lifechanging,1
matryoshka,2
hydraulic,2
terminatorish,1
terms,21
food,79
motuh,1
watchlist,1
sluttiest,1
trashy,2
opponents,1
modded,5
pawsibly,1
adorableee,1
fudgey,1
shirou,3
lancers,1
𓁌,1
blair,1
temptations,2
onset,1
humanizes,1
moris,1
sewer,2
didney,1
rolled,12
rizz,14
xenojiiva,1
susmio,1
giff,1
posing,1
tigers,3
twiiiice,1
transfemmes,7
blahaj,4
oomf,3
downfall,1
depend,1
seller,1
autofellatio,2
erupts,1
villany,1
lolll,1
kimishinu,1
imagination,2
ancestors,2
hague,1
kingdom,1
celsius,3
nabbing,1
lovecraft,1
befriend,2
endgame,2
hindsight,1
ironmouse,4
gathering,1
oversimplifying,1
astrid,1
behold,3
insan,1
vist,1
prey,10
influencer,1
bout,13
forming,2
violence,12
hairs,13
stealing,18
father,5
fuckem,1
ttrpg,4
gundams,1
okai,1
lilyheart,1
floosing,1
rtranslater,1
draculas,2
intructions,1
boomer,1
distribute,1
zoltron,3
muted,2
spine,13
snowman,2
megalodon,1
neighborhood,5
rating,6
fishy,1
pervert,4
dented,2
knockoff,2
bong,5
forgor,19
touche,2
cocoa,3
openback,1
compensate,3
attaches,1
injections,3
breb,1
wracking,1
yaaaaaaay,1
pollocked,1
yoghurt,1
envy,5
koatly,1
grooming,1
tamale,2
perish,10
tattoo,8
spica,1
shitless,1
shrimple,1
sports,14
shrimpyartsycrycow,1
persist,1
lollypop,1
upscaled,1
elphelts,3
island,5
connected,4
ruler,1
finest,1
needles,9
cheeks,2
achieve,1
kraft,1
bonus,2
forfeits,1
callled,1
choose,8
mwan,2
puzzles,1
dialect,2
bzzztttzbbztt,1
wednesdays,4
washing,5
pine,1
mpreg,4
astarion,4
rogers,1
fries,6
protesters,1
perceive,2
lying,20
dramatic,2
preservatives,1
detachable,2
retract,1
snickersnack,1
epic,15
buuuuurnt,1
niiiiiice,1
atned,1
potatos,2
compliant,1
lemoncello,1
forgetting,4
whoaw,1
nurgle,1
alchohl,1
civilization,2
cuchie,1
curb,2
hacker,4
rooblush,1
racism,8
fiber,2
sunrise,2
successfully,3
skipping,3
circuits,2
everyoooooone,1
stole,13
woodwork,1
stringing,1
fatty,5
granmas,2
thirsts,1
stefan,1
fancoolant,1
favourites,1
vella,3
mear,1
crowd,4
questioned,3
antiarachnophobia,1
hoooome,1
progressive,3
chips,10
independent,2
sexist,1
silverback,1
hulkin,1
culprit,1
flights,3
shush,4
byebye,1
gecs,3
binging,1
summarizing,2
veils,1
unclassified,1
paradise,2
tongued,1
dynamo,1
education,1
sugarcoat,2
reliability,1
haired,5
scum,3
unusual,1
larping,1
lifts,2
media,14
sahur,1
nhgghhh,1
vodkas,1
matching,4
hyrri,1
dubai,2
masks,3
pickup,2
pyschology,2
ponytail,4
pmoll,1
threatens,1
ryoiki,1
binding,3
mistletoe,1
lamtb,1
perry,2
faced,1
dindin,1
stunkle,1
remember,135
voting,2
definetly,1
jocky,1
jabba,3
nuffin,1
gormsh,1
mums,2
aisle,2
mancoded,1
negates,12
humanitarian,1
antigravity,1
feisty,4
feeding,6
singles,1
systemctl,1
freezing,2
stripfear,2
bionicles,2
mesures,1
perpetually,1
bbwuhh,1
shhh,5
psycopath,1
sprinkles,1
clicked,1
celebrate,3
decided,29
vast,3
yippeeee,1
lighting,9
liken,1
hemnlo,2
astaghfirullah,1
poke,4
fuckunga,1
curves,2
viktor,5
points,16
streamers,6
ohmygodthisjustkeepsgoing,1
diggidy,3
kqjdiwbdjansa,1
bouncy,1
afab,2
mynetdiary,1
unison,1
speeds,1
askudfhskhjh,1
protective,1
verification,2
clicks,3
notepad,1
orcs,1
frrrrr,3
caption,2
omniman,3
liftshertail,1
redid,2
belonged,1
dalmathian,1
citrus,1
gonna,365
mixed,14
tremendous,1
comment,23
torture,6
etiquette,1
adoption,1
needa,3
backing,2
iding,1
hiyoo,1
recognition,1
snickerdoodle,1
mount,2
whoooo,1
nails,6
feeet,1
fightartsycrycow,1
surgeries,1
oooohh,2
bought,31
havoc,1
thirty,1
bedsheet,1
fulfilled,1
lookalike,1
exhaustion,2
gaara,2
egret,5
amulet,2
criminally,1
boys,10
throughout,4
grease,3
mattress,4
bears,3
emphasis,1
forms,4
guitarded,2
acted,2
direct,8
fizz,1
contrary,3
greenaaredttredtredpurplepurpletblacktblackwhitennlightpip,1
face,106
rise,16
unhinged,4
suppress,1
magine,1
yipeee,2
gunn,1
pffft,2
penis,16
hgfgvc,1
helper,1
expertise,1
scared,48
colorado,2
input,9
waiting,37
deceit,3
originally,4
glove,1
wishh,1
almost,110
clone,4
rally,1
intelligence,1
enemy,13
relive,1
barbarian,1
drwons,1
concede,1
cramp,1
shafted,4
creeps,1
inhaler,1
orrrr,1
propel,2
animations,3
ahhhhhh,3
lyra,6
thiccc,1
melanin,1
algo,2
sewn,1
frappe,2
dino,4
brooks,2
albo,1
webtoon,3
syllables,5
ohibn,1
hawaiian,3
directed,3
alongside,1
acts,3
curls,24
whatwver,1
buried,2
luuuuuv,1
vehicle,10
nurse,3
beast,2
roadkill,1
break,50
salty,3
outfits,2
oceania,1
italianspanish,1
nonhumanoid,1
permissions,1
oltyx,1
stupidpenisx,1
huggable,3
lmaooooooooooooo,1
sized,13
pinche,1
default,20
leters,1
knowing,16
𓀥,2
amongst,1
spending,4
windows,7
instances,2
infodump,1
cellocgun,1
rdlsmith,1
animation,16
hunters,2
beastiality,1
surrender,2
delicous,1
walking,21
moneys,2
italians,2
prep,5
seriousness,1
explore,6
tuition,2
bluescreened,1
bhuggu,2
glegle,1
choosing,1
philosophy,5
list,37
blursted,1
winter,19
elledick,1
likebut,1
uuhhmmmm,1
afford,15
heatstroke,1
augh,3
planjapan,1
bullpuped,1
golds,1
pause,4
malort,1
money,132
suits,4
particle,1
overstimulated,1
screenshots,4
evilsuzuka,1
since,127
gatling,2
simmer,1
newer,5
knick,1
thaaankies,1
relax,4
swoop,1
remnant,1
partners,12
shaw,1
paste,2
lawd,1
jackon,1
reports,2
litterature,1
ichiban,5
rupee,1
ulcer,2
deli,4
misconstrued,1
softer,2
perform,2
navigating,1
proof,31
retrards,1
choooooooiiiiiiiiiiiiiiiiicccccccccceeeeeeeeeeee,1
clasic,3
girlwallace,1
shitposts,2
immensely,1
conjure,2
live,98
fimshing,1
capitalists,1
vetting,2
hallow,1
graphic,2
stephanie,3
notch,1
unbalanced,2
contract,10
their,267
puppu,1
penguin,5
delivery,5
electricity,4
gentler,1
potatobridgetbyninya,1
fairy,4
prosecutor,1
launcher,2
sisters,9
finishing,5
respectfully,6
opposite,8
meeeeeeeee,2
nummer,1
sequels,1
nooooon,1
forces,1
robyn,11
charavters,1
protagonist,2
activates,1
hdjsjisjskocicjndndj,1
douji,2
upside,4
spiritual,1
squeak,1
ingenuity,1
cramps,2
expansive,1
mmmmmmmmmm,3
cellos,2
awooooooo,1
restore,1
furries,7
denseignorant,1
adorables,1
mouths,2
deliberately,2
glulg,1
enrolling,1
drink,102
comfortably,3
posture,9
vibrating,3
civil,2
bitchless,1
esrodiol,1
excessive,1
gunlumi,2
vore,6
notes,13
surpass,2
puns,2
perfected,1
friction,1
dylan,5
valor,1
over,224
committed,1
datascince,1
gendered,2
coincidentally,1
wizards,3
boobs,50
vrchat,2
favorable,1
sleeveless,1
speced,1
prdocuts,1
table,21
ranma,2
aged,1
elons,1
knifes,2
checks,16
convos,3
downhill,1
analysis,1
scummy,2
cured,2
substance,1
flags,1
overwork,1
brainwashing,1
jello,3
horrendous,2
yujiro,1
boundaries,8
genuine,7
ayay,1
crisis,6
ningen,1
geek,5
hone,2
terrorising,1
arrows,3
fixing,6
volunteer,5
autocorrected,1
turns,13
oooo,17
dollarydoos,1
felinids,3
scheduling,1
distractions,1
around,137
yeahhhits,1
tekkit,1
knock,6
transdars,1
gundums,1
russians,3
yepppp,1
reference,24
husbando,1
sustenance,1
pookie,17
schedule,16
destroy,20
atreides,1
holdable,1
whine,2
rebelshy,2
relationships,7
essay,3
reps,28
eithet,1
questionable,2
lightbulb,1
monitors,9
sandbox,1
arsonist,2
ultrachuds,1
unbeknownst,1
drippin,2
xarl,1
research,16
clash,1
retry,1
whyyyy,5
brrrp,1
bullseye,1
tryinggggg,1
currawong,1
nyaah,1
miles,2
doable,4
kwjfjwjdjanjdjsksa,1
businesses,2
hood,3
transphobia,1
verify,2
stinking,1
secondary,7
safer,2
flirtatious,1
rocks,3
mechs,3
okau,1
question,75
olio,1
functional,11
forearm,4
poet,3
racoon,2
kutner,1
bumping,1
fats,2
bias,2
earn,2
meetings,1
habbiiee,1
redhead,2
firefighter,1
gear,18
thes,2
familys,1
diet,3
moclans,1
autographhhh,1
shaded,1
happens,48
cover,20
rust,13
elegantly,1
houseband,1
albanese,2
accommodate,2
pragmata,1
martinis,1
bolagnie,1
nuggets,2
wrote,6
survived,1
centuriichan,1
nohit,1
tickets,8
gooey,3
comeback,2
jovial,6
unripe,1
gamesworkshop,1
eugh,1
fister,1
druids,1
barktide,1
flabbered,1
aranged,1
cycle,12
tatted,1
dick,83
shrimpu,4
biomechanical,7
askijg,1
declaring,1
pillows,4
weekdays,1
boffa,1
partially,2
surgically,2
actions,4
meowmeowmeow,1
substituting,1
barra,1
alikes,1
gmormingomgn,1
kicker,1
nanny,1
woah,56
pilk,1
halfempty,1
getting,264
sacrifice,2
dnanhsna,1
seiki,2
catgirl,14
magestic,1
para,1
lmaaaoooo,1
rainforest,7
grindr,1
relieved,1
everyooooone,1
grounded,1
thrown,5
unusable,1
accidently,1
rained,2
abort,3
wooooooooooooooooooooooooooooooooooooooooooooooooooooooooooooooooooooooooooooooooooooooooooooooooooooooooooooooooooooooooooooooooooooooooooooooooooooooooooooooooooooooooooooooooooooooooooooooooooooooooooooooooooooooooooooooooooooooooooooooooooooooooooooooooooooooooooooooh,1
serums,1
cawl,8
glass,8
spooky,6
ooft,1
luigi,6
warmed,1
facebook,2
stripmeow,2
becomes,10
mmmyuumm,1
aidans,2
plzzzzz,1
mets,13
flickered,1
baaaad,1
dumbell,9
passive,2
exceeds,1
jogar,1
stain,1
recomend,1
sailor,1
tabelts,1
engravings,2
secondhandflustered,1
aawwweeee,1
spreading,3
yoyo,1
𓀙,1
stipend,1
coom,2
buns,2
madoka,2
repulsed,1
lynx,1
sweating,6
sayians,1
statistics,1
outit,1
qorvex,2
firefox,3
cumming,4
speedmouse,3
oral,2
bithc,2
respect,27
cinema,2
motto,2
carbfilled,1
𓀌,1
diagnosis,5
stopped,31
dbaisbisvsisvzixvdiahxhf,1
nakey,1
songd,1
pricing,1
septums,1
clinically,3
promoting,3
mean,412
rapper,2
half,84
eyelids,1
tiles,1
maruban,1
lazing,2
streaming,14
pizza,32
repping,1
triplank,1
sally,1
connectdisconnect,1
chord,2
shipping,5
andriod,1
iguanas,1
huracan,2
fathers,1
spouse,5
proper,9
interestingf,1
bead,3
coop,1
knowwww,1
macafee,1
breakthroughs,1
bitey,1
lump,1
belt,8
sandwich,14
ysolt,1
dayyyy,1
abroad,1
himbo,5
josuke,2
gyming,2
updated,5
hers,3
makes,202
chorus,1
gorl,2
settled,1
frogger,1
wish,162
gladly,3
allies,2
heressy,1
androgynous,2
climber,1
talkng,1
loook,1
shuolder,1
mechanics,1
yays,1
wargaming,1
sorrryyyyyyyy,1
finish,43
periods,2
oneshot,1
woahgf,1
donos,1
weak,33
cake,8
terrorism,1
typo,2
bastard,7
annoyed,4
yyeeessss,1
calm,7
basicly,8
maaan,1
quesadilla,4
borth,1
elira,1
snuggle,4
rhombus,1
planet,8
artemis,1
poked,1
knees,6
yokai,3
refering,1
fursuit,1
raaaahhh,1
genitals,3
escondido,1
silliest,2
vtubers,3
aweee,2
obviously,9
leyowoanim,1
sleepy,19
keyborad,1
tytyy,1
skippable,1
joining,7
martin,3
transmedicalist,1
fumble,1
weeaboo,1
owls,8
strength,16
wobotomy,1
triplexred,1
opportunity,4
debating,3
stereotypical,2
update,45
maximise,1
dont,1295
doggy,5
angles,2
lowl,7
gooood,4
predict,1
leading,4
stahp,1
susceptible,4
portrayals,1
onions,8
chiiikin,1
gachiakuta,2
periodic,1
revamced,1
fingies,1
became,13
managements,1
holo,3
mext,1
biome,4
memry,1
when,817
lezzgo,1
trials,1
fitches,1
code,14
synthesis,2
ahgffg,1
heavy,54
options,4
klepto,1
tails,8
soook,1
viscous,1
crushed,3
refrigeration,2
trumpets,1
cuuuuuttttteeeeee,1
recognised,2
orbin,1
workclassesanything,1
makebuild,1
braincells,3
cutter,1
wind,3
solita,1
hopeless,1
exchange,4
transpo,1
radion,1
whatthe,1
allistar,1
hiccuping,1
inventory,2
client,6
inlet,1
gizzard,1
letters,11
leyebw,4
okayyyy,1
wave,5
tides,2
fireworks,1
underground,3
tamer,1
bugging,3
calls,11
tjank,1
intemancy,1
unrivaled,1
someones,28
assholes,2
cart,1
humour,2
sags,1
elstigirl,1
bokis,1
peasant,1
wayyyyyyyy,1
diego,1
femming,1
matoran,1
lamo,1
stroking,4
soooooooo,1
slayin,1
duty,3
verga,1
reevaluate,1
russianbadgers,1
apostasy,1
fanart,4
disturbing,2
nkow,2
other,268
goated,29
𓀞,1
meltin,1
wherever,2
tyyy,10
netease,2
inbued,1
denied,4
dynamic,6
versaille,2
cousins,2
scrumpt,1
documents,9
hephaestion,2
hated,5
dominica,1
pawroud,1
pelicans,1
flapies,1
stiletto,1
looping,1
goooooooooooooooooooooooooooooooooooooooooooooooooooooooooooooooooooooooooooooooooooooooo,1
thing,309
weighted,5
matsuri,3
disappointing,1
ggst,1
mmmhmmm,4
sudoers,1
iceberg,1
dicktide,1
appeciate,1
fifth,1
replicates,1
keysmashes,4
assign,1
tooo,6
ultima,1
innermost,1
cosmos,1
hates,13
karl,1
stew,1
depresso,1
oink,3
definitwly,1
takeover,1
defy,2
peertopeer,1
announcing,1
security,6
perrys,1
teenagerslove,1
contouring,2
untucked,1
venting,4
mispell,1
ruthless,1
cloudy,4
intrusive,2
walker,1
howdy,2
loto,1
wooooooooooooooooooooooooh,1
drunk,22
snout,1
reminder,30
confident,9
coral,1
doggos,2
outfreak,1
annoying,19
derailed,1
sacred,1
remotely,2
movies,10
housewives,1
world,91
closet,2
wrong,103
misspelled,3
bruise,2
curiosity,5
hnhnhggngn,1
mokrill,1
yuzu,1
response,15
homeless,6
lefty,1
miquella,1
awwwwwwwwweeeeeeeeee,1
hehehehe,11
mechanical,4
multiplayer,10
hiiiiii,1
chinesevietnamese,1
trapezoid,1
condolences,5
watchalong,2
honking,1
zooming,2
lasgunlasrifle,1
mice,2
valkyrie,1
optional,5
stripshock,4
fagg,1
ehehehe,2
jojofag,1
cylindrical,1
defeated,2
syllabul,1
trimming,1
goats,1
destroyer,3
lacing,1
fandom,3
toaster,2
blabbering,1
goooooooooooooooooooooooooooooooooooooooooooooooo,1
wound,1
homie,32
annoyingly,1
pupy,1
popout,4
chernobyl,1
storepagw,1
wayyyyy,1
sheriff,1
venn,2
troupe,1
veinz,1
omnom,1
𓀛,1
yearned,1
punch,16
uncermountably,1
lived,13
lober,2
bringing,8
seemed,4
ireland,2
dreaming,4
sopranos,1
spooning,2
doorframe,1
carajo,2
sell,32
testing,7
commissar,2
trumps,2
bnitches,1
lstr,1
garden,5
dents,1
ayooo,1
alḥamdu,1
updateitem,1
implement,1
bird,13
maddog,1
aagain,1
stripsmug,2
yearly,1
transwomen,2
overwhelm,1
ellaaaaaaaaa,1
kirei,2
fiction,1
sociopathy,1
pasteurized,1
pokémon,11
tounges,1
linkin,3
posters,1
psychopath,3
tomboy,12
pecs,3
aaaaall,1
brains,2
ours,2
birthday,41
extraa,1
benched,1
silicon,1
thursday,8
richarlysson,1
chances,3
confiscated,1
yahooooo,1
locals,1
indies,1
social,27
size,24
trinkets,3
jimbeeeeeeeee,1
kitten,18
strengnth,1
maternal,6
letsgoooooooooooooooo,1
fukn,2
fudge,1
prudence,1
parmesan,1
november,4
continual,1
megathule,1
luciathumb,1
inspector,1
texture,4
rippppp,1
bucket,14
opinions,6
livvy,9
take,282
scotland,4
blur,3
jajdjakdjajz,1
category,6
pillow,8
grocery,4
consistency,1
weekend,20
management,6
spankings,2
gottem,1
injured,1
shiiii,1
bond,2
generally,14
genetically,3
ummmm,1
cuming,1
researching,1
subconscious,1
slurp,3
trimester,1
peed,1
perri,3
crow,1
aspire,2
wailord,3
heads,11
clinic,3
patreonyt,1
diffuser,1
mail,3
hourlong,1
myormnin,1
dragged,1
lmaaao,1
emoticon,1
deter,1
arrives,1
extinct,1
after,254
chairs,1
figures,2
volunteers,2
bridgepout,1
dedicate,1
diives,1
snortsniff,1
useful,13
candy,11
lufu,10
certainly,6
reduce,4
dark,30
sudafed,1
attribute,2
bugs,6
itme,1
contributions,1
fanta,2
worker,8
effort,21
unluckiest,1
honoured,1
bladder,2
dhaishis,1
itsgonna,1
centurii,1
rmtf,1
chappell,1
despicable,1
andrasta,2
cotroller,1
tgis,1
marucry,1
ward,1
kinda,202
cinamon,1
hitting,17
programing,4
memoirs,1
forgotten,1
template,2
consensus,2
dracula,1
tank,43
admittedly,1
hahahahahaha,1
meter,13
cathappyhappy,1
nuah,1
germany,4
fart,9
complex,5
sadsad,1
manipulative,2
managing,2
widow,2
automatic,2
tombworld,2
phished,1
twoah,2
morging,1
mission,6
snorting,1
goddamn,9
visualization,1
cost,14
antigun,1
sapphicly,1
giggles,1
maam,13
body,137
stub,4
aunty,2
okayyy,2
yeyeye,1
giphy,1
carcass,1
crack,15
barbell,11
prototype,1
revolutionized,1
phenomenon,2
slap,8
backs,1
jail,7
patiently,1
trick,3
runtime,1
gives,39
delayed,1
louder,4
fabula,1
incridible,1
avoid,8
cutscenes,5
counterexample,1
hahaha,11
governed,1
relate,9
incur,1
nomad,1
darkest,2
bigging,1
svdisvsjs,1
grading,1
aware,15
lawn,1
mageeshus,1
hours,109
total,12
visibility,1
goddesses,2
hiya,4
arts,4
impounded,1
fought,2
milkshake,2
greenspurplefblackfthreatdarkpipdarkpip,1
reeeeeee,1
rahhhh,1
injure,1
𓀫,1
targeted,3
mmmmhhmphphhggg,1
murder,23
monsters,13
euphamisms,1
estrogen,64
unfairtiriwingl,1
night,176
brake,1
yellow,28
bother,7
taters,1
lilgicky,1
scratchpost,1
proved,2
hide,22
corax,1
spirittiriwingl,1
glitching,1
pathological,1
sony,1
uncleold,1
notification,4
rimmel,1
room,71
reason,69
illuterate,1
dung,1
bragging,1
stabilizing,1
dodge,2
trhusts,1
yurr,1
wasps,1
tylers,1
crossfit,1
starving,1
uppieeesss,1
hugh,1
stan,1
england,1
boosted,2
hugged,2
cassinos,1
geometry,1
marx,1
tell,164
yeess,1
transformed,1
kicks,1
intelligences,1
clitoris,1
parasiticbun,1
nature,3
plump,1
supremely,1
eatin,2
sensitive,9
cafe,2
orks,10
adhd,30
therefor,1
implant,1
birbdee,1
fantastic,12
nutting,1
nudes,8
whyyy,1
mush,4
witch,6
buddha,2
stressin,1
awful,10
timestamped,1
fronts,5
accept,25
dbza,1
nerissa,2
frame,17
doesnt,222
alphabet,4
ozymandias,2
fisher,2
hatter,4
warped,1
krillin,1
goodass,1
autolost,1
boutta,4
vames,1
wahu,1
feverpitch,1
perchance,2
sheldons,1
tyhy,1
zombie,2
playful,5
fold,7
cropped,3
mahjong,2
glatorian,1
excerting,1
maple,2
stuff,204
virgin,2
horrigan,1
valerie,1
narcissism,1
rachel,1
thhrdhhdbrbrjtjfjrjrnrbjshdbrntnfjfiridndinfographic,1
sexual,16
almighty,10
servant,3
mourning,1
retort,1
joker,4
correct,24
icky,3
slander,7
motive,4
hairfall,1
advertisement,2
investment,5
discovery,3
cozy,3
motiviation,1
steam,49
fiona,2
files,10
intercontinental,1
swish,1
waking,5
thats,1285
types,21
linked,4
dbzf,2
latin,2
iirc,17
kjhbfdvkhjgavjaavjvvvthie,1
selffulfilling,1
epilator,1
kidnappings,1
goodnightttt,1
potato,9
famn,1
gamble,14
chucking,1
insulted,1
thems,2
corkhioatli,1
antonio,2
merchant,3
basedddd,1
whore,25
nicee,1
piratesoftwares,1
rhythmy,1
cypro,2
uplifted,1
functionall,1
hnnngngnhngnng,1
gasping,1
animators,6
maru,6
threats,6
scheduled,1
cracking,2
monkeys,4
castrate,1
legion,1
offended,3
gorrilax,1
straightens,1
coneying,1
mecha,19
supermarkets,1
keyword,2
handjob,1
genlo,1
wuff,2
walmarts,1
blafde,1
xhearts,1
throuhh,1
smiling,5
wooohooo,1
host,11
ransacked,1
mumei,9
surprising,6
ferrets,11
addies,3
above,25
financial,3
mouthful,4
circulates,1
suggesting,1
optics,1
hobbit,2
definitionally,1
letting,25
chum,1
nuclear,4
dash,3
girlies,2
chpepeclapping,12
undergound,1
facefuckable,1
gooooooood,2
taco,2
sheer,1
tummy,15
leveling,1
striplul,3
voracious,1
gordo,1
ruff,3
baldurs,6
smelled,1
disinfect,1
babs,1
impossible,22
click,5
zenkai,1
irish,2
twists,4
because,310
brain,89
army,8
dapper,1
gurrilla,1
parent,4
tasted,8
boscopan,1
tungsten,2
desk,12
lovely,20
prolly,21
𓀅,2
birdification,1
polys,2
toppa,1
needle,10
maggeeezus,1
abunny,1
outfield,1
jeepers,1
gmormminin,1
texas,3
floss,1
trips,2
turbo,3
descended,1
hover,1
singular,6
plains,1
transcrossdressers,1
sentient,3
clueless,1
fufumes,1
retardation,1
flys,1
mortal,2
truscum,1
tachyon,1
trebuchet,1
reverse,12
planned,8
july,3
obsessing,1
consequently,1
digestible,1
lmfaoooo,5
geekish,1
rummaging,1
please,152
specieses,1
policeman,1
ciswomen,2
belconnen,2
grunkle,1
sesion,1
spacey,1
latedads,1
songbrain,1
cismen,2
shitlord,1
competitions,1
talked,16
carry,22
fufufu,1
wonderland,1
mauled,1
catchup,1
compare,8
wannaaa,1
thered,1
unconditional,3
died,17
braindead,3
hapf,1
curlmlsrs,1
barbecue,2
sticks,6
strict,1
scuffed,3
leashes,1
patpatapt,1
bishoujo,1
sketchy,1
doooo,1
autsitc,1
csmcosmowink,1
also,958
zoowee,1
coments,1
graves,2
handleri,1
wwwwweeh,1
blow,5
religion,3
dubbed,1
masterpiece,4
wasp,1
ducking,1
georgia,1
deployed,1
costing,1
helments,1
adorbale,1
entra,1
wallys,1
require,8
rtgames,1
amimals,1
weening,1
hsrimp,1
challenger,1
airplanes,1
modern,3
weeligurs,1
vghghjx,1
gorsh,3
bigs,1
pretending,9
loser,1
daaaamn,2
personifications,1
joints,1
middle,25
guacamole,1
transferable,2
chickn,1
sparta,1
cumlord,1
jorts,2
adhds,1
dies,11
need,659
dares,1
palm,4
cormorants,1
police,9
snaggletooths,1
okgay,1
martian,1
workouts,11
mats,2
dayumm,1
transfem,6
crawfish,1
aleksia,1
tumor,2
double,40
toppppp,1
president,6
ironclad,2
presentations,1
flencing,1
recovery,5
crawling,1
ooooooooooooooh,1
forsaken,6
fuckn,44
genderfluid,4
genocide,3
nhps,11
coughing,2
morningg,1
weekly,2
enlightened,1
poll,3
homeland,2
micheal,3
jpop,1
revolver,5
padawans,1
dragging,2
polynesian,1
fuuuuuuckckkk,1
moshpits,1
huuh,1
insight,1
rowdy,1
lgbtqis,1
vulgar,2
didnt,314
days,78
hospital,2
tourneys,1
practice,15
thirdly,1
ruinous,1
levi,1
whole,115
sucks,50
general,52
crepe,2
joshua,1
shake,1
game,247
dude,89
brutal,4
reaction,22
bridrem,1
interestin,1
chudling,1
sparks,1
catalyst,2
crackhead,2
subscribers,1
shall,24
weeee,1
vigilante,1
legitimately,4
kiki,1
toves,2
drug,9
repressed,3
cousin,9
swordmaster,1
guitar,11
dooms,1
throughhhh,1
machine,48
stream,57
surrounded,2
device,2
asians,2
gargles,1
reliving,1
smoke,18
nsbjahdna,1
español,1
mazinger,1
niniiii,1
superstitious,1
agsident,1
mildly,3
hiiiiiiiiiiiiiiiiiiiiiiiiiiiiiiiiiiiiiiiiiiiiiiiiiiiiiiiiiiiiiiiiiiiiiiiiiiiiiiiiiiiiiiiiiiiiiiiiiiiiiiiiiiiiiiiiiiiiiiiiiiiiiiii,1
london,2
spills,1
motherboard,4
shrimpellahincom,1
graduation,2
offline,1
scene,22
goooooood,1
mrrowning,10
musa,1
slipped,2
criteria,4
r𝚫,1
gnoblin,2
sensey,1
lowtierfox,1
fence,3
deadly,4
hoes,6
homage,1
baba,1
lock,16
hhdvb,1
robbery,2
vidya,3
toothpaste,1
shalt,1
sameish,1
princesses,2
tolstoy,1
beloved,24
wahaodfhdskj,1
haikyubot,1
onit,1
frrr,2
export,1
engining,1
siscon,1
thunderstorm,1
admech,1
𓀿,1
overhead,3
continent,4
walmart,2
poeple,1
oshis,1
offender,1
tomorrowfor,1
mango,3
smoking,3
havnt,7
wintiriwingl,1
payment,5
jealousy,2
rare,16
silky,1
gaymingellahincom,2
wilds,7
ghosts,2
badonkers,1
angelic,2
bluescreen,1
overheat,2
seals,2
domme,2
latina,29
saga,1
foresight,2
buccaneer,2
puppytube,1
shjdjf,1
gluten,1
considerable,1
alley,2
cutee,2
dambbbbbb,1
infantry,2
asserting,1
shithead,3
charcter,1
cloak,1
nimah,1
realistically,2
nametag,1
identify,11
automotive,1
skitarii,6
baseddddd,1
tact,1
werent,16
magumbos,1
slaking,1
yoouuuu,1
craft,3
birthtubes,1
hands,37
diffs,1
holder,4
boooobbbbssssss,1
minimum,10
sysfan,1
hmmmmmmmmmm,1
stating,2
yesmaam,1
birb,11
yubbers,1
henchman,1
funniest,6
ooooooo,3
responsibly,2
rocky,3
included,11
fuuuuuun,1
audio,8
powerr,1
plead,1
slightest,5
selves,1
axolotl,4
eviltripleglare,1
guysssss,1
tailpipe,1
niece,1
beverage,1
hardest,2
hypd,1
highs,4
fuckass,2
bridging,1
stilettos,4
lava,9
tonigt,1
senzawa,1
spaniel,1
coolant,1
ttue,1
msis,1
everyones,10
sleeve,2
nyoooohh,1
bpdemon,1
shimps,1
tiriwingl,57
fiest,1
struck,1
challange,1
doubly,1
monotonous,1
awoooo,1
perty,2
panicking,1
delivered,2
nicks,2
chicks,3
officaly,1
aspargus,1
interpretation,2
yooouuuuu,1
watching,61
congregations,1
anoying,1
bicep,15
ritlin,1
darters,1
spots,2
behaved,1
faiiiiir,1
jpcore,1
honolulu,1
shopping,17
churros,2
timing,5
pierbi,1
gimmicks,1
sole,2
playtime,4
hosts,2
zottman,2
evangelion,8
transtocis,1
sucessful,1
stevens,1
chappy,8
unequivically,1
figuring,6
considering,22
dandadan,10
uwaahhh,1
dickhavers,1
yoooooooooooooo,1
superior,5
important,54
meeee,5
braid,2
troglodyte,1
hugging,3
ummuummmmm,1
wage,1
arknights,1
digimon,2
anonymous,1
tunnel,1
photoshoots,1
free,93
meeeeee,1
watermelons,1
gummies,1
headsets,2
rola,3
harkonnen,1
whyyyyyartsycrycow,1
emotion,4
sinclair,2
lament,1
extreamly,1
picker,4
cursedsunglasses,1
dolly,2
haha,42
occationally,1
borple,1
thoughh,2
threading,1
piercee,1
hurray,3
nordvpn,1
wifusband,1
itadaki,2
brah,1
orela,1
servals,1
screen,22
wrongs,1
overdoing,1
blocking,2
hemroo,1
crustaceans,1
flustered,42
aron,1
associate,1
steps,5
wooden,1
info,16
toiletseat,1
thrashed,2
livers,1
spehz,1
tistic,1
sacrificed,1
𓁆,3
defense,3
walnut,1
problemsbeing,1
center,5
prove,18
teased,15
adventurer,2
well,470
organise,3
nyow,4
beard,28
ooooooooooohhhh,1
ungrateful,1
tubing,1
cptsd,1
limp,1
unless,51
sapphicappreciation,4
voregasm,1
idle,3
contribution,5
maams,1
entertained,1
yurp,1
mmomma,1
freeze,3
beak,2
shinji,4
westies,1
fluffy,12
placement,2
whhhooooooaaa,1
fertile,3
impolite,2
crashing,2
weapons,11
ducky,1
medically,1
flailing,1
nailed,2
sleeps,5
cuteness,5
arrive,2
charcharodons,1
issz,1
shakshuka,1
minecraft,17
heare,1
incline,7
construct,4
peener,1
customs,1
rotund,1
hexgates,1
gorgeous,1
preset,1
whitewash,1
valhalla,1
stacks,2
keeps,24
emissions,1
sith,3
ohayou,1
risked,1
enjoyable,3
consuming,3
pinch,2
kanye,2
maraca,1
cleaned,5
gain,17
adorbs,1
wjjdhwhdbwbsa,1
pointer,1
positive,5
enders,2
frfr,5
stabbing,2
divided,1
yellows,1
holle,1
graduate,2
unhear,1
norn,2
mealt,1
lumbar,1
roller,4
tenma,1
buttons,12
hearts,3
mummy,2
larp,4
banjer,1
vital,2
deffinntly,1
bncnjd,1
capacity,4
stragglers,1
woaw,26
wine,6
catblush,9
prac,1
wardrobe,2
chloe,2
hogwarts,1
mindsets,1
kekw,8
theaterlibrarian,1
semester,1
uniqlo,1
ramp,1
suckers,2
bigotry,3
ferrari,5
happened,71
describing,2
uncle,8
nkgkjagveknggrgbssbdklretaklbreklbbkhjajsgrgskerlggallurgalse,1
koffing,1
sooner,6
hehehe,42
objections,1
tresmme,1
willing,7
fleshlight,4
thumbsup,1
beanies,1
dong,3
ween,2
consistent,5
stares,2
boobas,1
testosterone,7
ambiguous,2
stab,2
entirely,13
scenes,1
tantrums,1
diabolical,4
clack,2
toothbrush,2
pard,1
smol,23
hehehjfj,1
executive,3
arson,3
lego,5
archmagos,1
zootopia,1
synth,3
home,141
ksanoetudasnoetydaoynsdao,1
elements,3
shiii,1
discordjs,1
idea,80
montsh,1
sends,6
dumbellcable,1
lucidity,1
young,21
hermits,2
subway,2
diets,3
transfriendsau,1
scrolls,2
yeeyuh,1
homosexuals,3
ktiriwingl,1
ofem,1
craziest,2
direpressing,1
roots,2
auuuugugh,1
moonknight,1
advertise,2
sterilize,1
yuppersss,1
erotic,2
hunkadunkaloid,1
sheher,1
tako,1
backshots,9
brrrrrrrrrrr,1
thukuna,1
required,4
arri,1
kasuga,1
mikuno,1
quality,20
wagging,3
communicating,1
ingrained,1
legacy,1
snow,9
slower,3
utter,2
beneath,3
ohhhhhhh,1
occasional,1
bard,2
artists,4
cancled,2
thriving,1
galhuffing,1
wall,23
destined,1
coke,6
knocked,1
resources,5
branching,1
puddle,5
rough,17
baiting,1
metre,1
accord,1
artficers,1
villain,4
summons,1
valif,1
segregation,1
something,304
zahndrekh,1
hookers,1
trigger,11
shelving,1
titan,4
rammmiiiiiiii,1
worthy,5
many,172
leave,66
nmmmmgngghhh,1
pleeeeeeease,1
punishing,1
kirya,1
ples,1
virtualbox,1
filled,12
pearly,1
crotch,6
impregnating,1
sweat,25
posthaste,1
todbringer,1
shoooot,1
talent,2
gambel,1
coaching,1
worrying,2
jecka,8
whip,4
converter,5
voiceover,1
battleroyale,1
maus,1
inquisitor,1
inviting,3
zerotwokiss,2
cheer,3
smelly,1
sticker,16
cattle,1
monkeigh,1
demands,1
ghillie,4
advertised,1
archive,1
older,22
safe,39
cartictor,2
transman,1
sweetheart,6
extintion,1
sunk,2
obsessed,5
plate,6
masculine,1
implied,1
geogrpahy,1
trash,13
word,52
bullshitting,1
litle,1
recognising,1
sweatywet,1
prefired,1
flesh,4
ether,4
petrol,5
faggies,1
tldr,4
humanized,1
meowning,4
movemit,1
therussianbadger,1
spar,1
autumn,1
shecry,1
magnus,2
surfed,1
tbqh,1
heyoooo,1
mamaguevo,1
kekekek,1
lefthanded,1
neither,11
apologises,1
mirror,15
spotify,18
onaholes,1
cosy,1
imbeat,1
connoisseur,2
pupppyyyyyy,1
doggirl,2
parallel,3
outfit,10
circuit,1
rile,1
slider,4
vomiting,1
factorio,2
dementia,2
maso,1
flamboyant,1
sleeeepy,1
rager,1
putting,35
ahhahahahaha,1
rebirth,1
deadnaming,1
brighter,1
powered,1
spasms,2
explosion,1
sensors,1
solely,1
heeeyyy,1
award,2
legends,5
squatting,1
whoa,24
aroace,7
magna,3
hammmm,1
meltability,1
mhwilds,7
elitists,1
atop,1
snakes,4
death,39
assalamu,1
juniper,1
anabolic,1
yeeeaaaaaah,1
worn,4
rbiirl,1
astral,1
wanker,8
rushed,3
blob,1
compatible,2
narrative,1
phases,1
arachnophobia,1
buckled,1
lips,6
bastards,1
cummies,5
jammed,1
assert,2
impressions,1
reid,1
released,7
autistically,1
courted,1
trickshots,1
suuuuuuuuuuuuuuuuuuuuuuuuuuuuuuuuuuuuuuuuuuuuuuuuuuure,1
dyin,1
cannon,7
huffing,1
runny,3
stls,2
mousie,1
sendem,1
dicky,1
nooooooooooooo,1
calluses,2
judt,2
series,32
heheheyay,1
ganbatte,1
haikuot,1
warbonds,1
nookin,1
mark,12
lives,12
handcapping,1
gock,16
theyd,15
reboots,1
refers,2
chemist,1
strictly,3
orchis,1
dwagon,1
narchos,1
animating,1
catgirlwitch,1
infrastructure,1
pink,28
fetishes,1
guessint,1
instabeheaded,1
slapchop,1
absorbs,1
bioavailability,1
browse,3
station,10
whatevr,2
zorroa,2
sarcastically,1
ignight,1
hookup,1
muhammad,1
throats,2
cthulhu,2
musume,4
eewww,1
rome,2
collecting,7
swimming,1
responding,4
underestimated,2
wats,1
overload,4
salary,3
whaog,1
tttummy,1
limbus,1
bloodline,4
meaaaaaat,1
martini,1
boooooobies,1
preference,1
defend,3
delightful,2
hispanic,1
insee,1
history,16
barfing,1
sorc,2
screecher,1
frot,4
ahhh,12
calculate,1
woopy,1
goblets,1
clue,13
vomit,4
prime,12
cards,10
stingings,1
promote,1
distinct,1
favor,5
thankyouuuu,2
propaganda,8
staffies,1
morals,1
heightened,1
running,27
headache,3
entering,3
skrillex,2
ooohh,2
mooorning,1
imright,1
places,25
customizing,3
necks,1
cross,11
cracker,1
guren,2
junker,6
tiiiiime,1
yogurt,1
truuuuuuuue,1
matdq,1
store,32
leonardo,1
atronach,1
centring,1
eboy,1
arrested,3
hibiscus,1
reasonings,1
aixk,1
wingers,1
vulpinous,2
frail,1
vibrate,2
cuteeeeeeeeee,1
jkkkkkkk,1
alfira,1
deploying,1
subordinates,1
ruling,1
unrealistic,2
guuuhgh,1
rngd,1
youu,1
pointless,1
trusted,5
angy,3
teenagers,5
crime,21
works,117
manners,4
fettuccine,1
portarabo,1
hungry,25
sneeze,1
squared,1
karaoke,5
yoursef,1
vulnerable,4
michael,2
heartburst,1
neanderthal,1
kimmy,3
gamebreaker,1
omurice,1
righto,3
manic,1
ache,2
absorb,2
yaoi,25
blocker,2
chestarms,1
yesssss,1
borgar,9
contraption,1
extension,5
blacktina,1
autocorrext,1
spearmint,1
establishment,1
slacking,1
psyop,1
ichidaiji,2
confiscating,1
surveying,1
lords,9
artsyblushcow,34
madeup,1
beats,8
reamed,1
casted,1
youartsyheart,1
bolding,1
gpoo,1
documentation,1
entertaining,5
tokyo,2
joke,48
videos,16
fuouuuuack,1
difference,14
chugged,6
association,1
dawgs,1
concerts,2
𓀷,1
performing,1
medicinal,1
increasing,1
creating,1
speaker,6
depending,18
anyones,1
engineering,3
ratatouille,4
cursor,1
pilot,1
jvebkjef,1
dedicated,6
axeman,1
funky,6
cervixs,1
collabs,2
suspect,1
boosting,2
ajude,2
rebellion,2
babyyyyyyyyyyyyyyyyy,1
hamstrings,5
shutup,1
uppies,8
conversations,3
mena,1
compressed,1
morning,184
taht,2
interest,20
scent,2
pseudonym,1
patt,3
unstoppable,2
youtuber,2
krew,1
eftpos,1
exhibit,1
tactics,2
email,5
thankfullly,1
flooding,1
determinant,1
stressful,2
ganondorf,1
filipina,5
gawrius,1
actualyl,1
thingys,1
gassed,1
carving,2
nevermind,5
laughing,6
markets,4
youthful,1
𓀘,1
tempo,8
prettier,2
mother,28
sudo,6
syndrome,2
stuttered,1
heehhe,1
kicking,4
objectively,4
pilkshake,1
affordable,4
robin,9
reflex,4
exclusive,1
meets,2
accurately,1
administrator,1
sells,1
gogeta,1
accounts,11
imnott,1
purported,1
armies,2
dats,4
zyzz,1
enforce,1
yaaawn,1
mfers,2
uber,7
korea,2
holowag,5
upto,2
junktown,1
foxes,10
youuuu,4
sketching,2
nosy,1
shrug,1
aforementioned,1
jugular,1
agreeing,3
surface,2
willy,1
ethe,1
grazed,1
completely,34
maoist,1
painfully,1
stronf,1
genuinely,47
hilly,1
believ,1
quantity,3
freddy,2
study,9
mwaaaaaaaah,1
iceborne,3
beings,14
visit,10
balls,40
pins,8
follicles,3
fronting,7
orchid,1
fuckest,137
uhoh,5
detriment,1
abilities,4
robynnnn,1
alllll,1
nids,3
constanty,1
strike,3
scean,2
generate,2
previous,5
semple,1
babygirl,4
equal,2
mellow,1
hugbox,3
climax,1
showed,15
fiiiiiine,1
recc,1
ensure,1
logh,1
mexican,7
goalie,1
lyft,1
seperation,1
muzzled,1
ciaphus,1
brutily,1
harvest,2
noodle,2
unleashed,1
remaster,1
shiho,1
frowgie,61
lipstick,9
packed,4
alfie,1
stable,6
americana,1
surviving,3
smokes,1
shut,36
artist,22
plas,1
litteraly,3
corpse,3
nonironically,1
overstepping,1
𓀾,1
ominous,3
oldest,6
weigh,2
lause,1
slick,2
scrotum,1
khârn,1
invasive,1
attitude,10
surly,1
theses,1
hurry,1
absurdly,1
paper,18
dosed,2
lamp,1
slowly,20
attest,3
display,5
fireball,3
accessed,1
clarify,1
northlane,1
fuses,1
shittass,1
baybeeeeeeeeeeeeeeeeeeeeeeeeeeeeeeeeeeeeeeeeeeeeee,1
meeeeooooowwwww,1
omen,3
tiribootyshake,2
stagename,1
bursting,2
violent,2
haywire,1
heheheh,6
duuuuunnneee,1
atlas,1
william,1
wickedest,1
oohhahhahahaha,1
texts,1
conserning,1
nowo,1
kiryus,2
kickingtackling,1
lines,10
richard,1
overwatch,7
smell,42
both,175
hmmmmmmm,2
blond,1
stretches,2
blavk,1
scouted,1
expendable,1
capcom,1
scenario,2
literly,1
horizon,2
remakes,1
twice,21
permanently,4
fuuuuuck,13
undercut,3
yomitired,1
tequila,1
padding,2
obvious,11
royal,4
coping,3
heading,1
start,153
shhhhhhhhhh,1
oggie,1
genetics,17
regardless,17
heyaaa,1
burtonesquecaroline,1
tiers,1
tradition,1
sleeper,4
tabs,2
pulse,2
dumb,41
ooohooowwwowow,1
superset,8
𓀆,2
distinguish,2
sided,1
gimmick,2
puppet,3
hellraiser,1
eccited,1
rural,1
fibonacci,1
coolstuff,1
addon,2
yeahplease,1
scar,3
lordy,1
funds,5
dusty,1
formerly,1
bubbles,2
puppycat,1
obsess,1
buildabear,1
morring,1
crashed,5
writes,1
responsibility,1
commit,8
supppser,1
gundam,4
whomst,6
brothers,5
kubrik,1
truthful,2
ficar,1
april,3
updog,1
yahuuu,1
arcadey,1
kids,28
anymoresadlumi,1
slide,8
cassadea,1
scratching,4
sniped,2
yeeeaaahh,1
situation,21
shopper,1
tubes,10
typing,7
heel,5
typical,5
tower,7
treat,19
installing,1
barbed,1
edible,4
baterries,1
bulbagun,1
uninteresting,1
buffering,1
refresher,1
ywahhhhh,1
stone,9
trunk,1
meanie,1
widdle,1
amioverracting,1
lettig,1
contex,1
archery,2
venues,1
hast,1
handler,11
vest,1
seamless,1
caitlyn,8
credibility,1
preserved,1
peepee,1
kawakami,1
member,4
alcohol,20
mural,1
wobble,1
malice,1
positions,1
establish,1
sandworms,1
hhehfjg,1
pisses,1
discounted,1
prew,1
mwaaahh,1
starscream,1
europe,1
zooey,1
bless,33
knight,9
jokingly,1
agenda,1
begins,2
thingies,1
dommes,1
ture,3
seperate,7
flaky,1
bribe,1
siht,1
wwomen,1
spaced,1
gastlys,1
december,1
puppydawg,2
have,1946
calgar,1
saved,11
soloed,1
dani,57
𓀽,1
schedules,3
chlorhexidine,3
parking,7
kindness,1
horses,6
dunno,38
oomph,1
dogpile,1
overdose,1
conversarion,1
venator,1
swagger,1
pesos,1
selfies,4
shhhh,5
dysphoric,6
goooo,5
skills,20
girlkisser,1
criterion,3
limecordial,2
gacha,5
charming,1
cabinet,3
frenchcore,1
yootoob,1
grindset,1
privelage,1
nxbchd,1
merhaps,2
lilly,6
bazillion,1
luckkkk,1
sappy,1
utah,1
pato,1
cyberpunky,1
reeks,4
vencord,1
cultist,2
pedobait,2
trial,2
spawn,1
forza,1
lifting,6
suckin,2
blowjob,1
similar,25
argument,8
cuff,2
stutters,1
whoring,1
gears,2
augmentin,1
responded,2
joyboy,1
hereditary,1
dickolo,1
quit,4
chupapijas,1
draft,1
systems,12
graded,2
pricey,1
irritable,1
plain,2
sails,1
intolerant,1
piano,2
jacked,3
touching,11
sexuals,1
meanperhaps,1
bloke,3
midroutine,1
classified,4
dust,7
okii,5
khantrast,4
trackfollow,1
lmaooooooo,1
dates,8
refrencing,1
dent,7
purple,13
bbygirl,1
weed,15
forth,1
teriyaki,1
extreams,2
assertive,1
gifts,4
gforce,1
primarily,1
invested,4
bulked,1
tzeentch,1
gaza,1
reinterpretation,1
cope,10
pavement,1
cannblisbm,1
trapdoor,1
r𝚫rxrby,9
ballsack,1
nsfw,90
gymshark,4
finishes,2
commission,3
stockings,1
atrocious,1
mario,3
supressed,1
huskie,7
elsewhere,3
officer,1
basic,15
gravity,8
legs,83
pupppppyyy,1
electronics,3
stretch,16
babied,1
louis,1
dayor,1
smith,3
ways,26
wooooooowwwww,1
splish,1
alestorm,1
native,1
fuckknuckles,1
birth,14
mooney,1
heyo,4
bullyingme,1
cheapest,3
hazy,1
polycule,7
hundred,7
pettable,1
necklesscollar,1
imbalance,1
rebranding,1
anime,140
whyamialwaysgetting,1
weaknesses,1
happend,2
ranger,11
allergies,1
ayyyy,1
vibrator,2
cadians,1
necklace,1
kirk,2
trademark,1
knifeplay,1
hospitalize,1
shorter,7
hyooge,1
apologies,8
skull,6
actively,4
interdimensional,1
needartsycrycow,2
inclusive,2
hating,3
oasis,1
wuhoh,1
cowards,2
impregnate,2
unlearned,1
broke,38
toga,1
protogen,2
delicious,12
ravded,1
heli,1
gmormnjin,1
weirdmaxxing,1
rackwell,1
higher,16
combat,11
multiplied,1
acorns,1
hairbrush,1
anti,3
creator,5
cramped,2
certain,17
baking,5
town,15
helps,40
powerful,16
resties,4
uwuwuwuwu,1
overnight,2
exterminatus,1
homagohd,1
chibi,3
played,64
outlook,1
prawn,1
ggohan,1
defying,1
drawbacks,1
cloud,2
insurance,9
scraped,1
jawline,1
jeff,1
twenties,1
fest,5
yuou,2
pacific,2
heyyoooo,1
candisheart,1
multicolored,1
transparent,1
scrubscription,1
tumbleweeds,1
enlighten,2
transbian,3
black,65
born,17
textvc,2
earning,3
warhounds,1
revoluitionzie,1
espresso,3
love,751
fuckkkkk,1
relesed,1
eworrysweat,1
scoot,2
annihilate,3
nicolle,1
yipepeeeeeee,1
bases,2
shidders,2
snarty,1
these,168
cupcake,1
pedos,1
evsishjshwisiaisbsiah,1
ethers,1
lemons,4
underestimate,1
ollie,3
lizards,4
widgets,1
sakes,1
steepled,1
squeeze,4
govt,3
sibling,1
recognise,3
tearing,1
nigerian,1
bars,7
phosphor,1
taliban,1
ffffffffffffuck,1
ichigo,1
buffs,2
carsio,1
checkins,1
suggestive,1
overcooked,1
main,45
capable,3
baskicly,1
armpit,5
historic,1
cuuute,3
houses,3
myswlf,1
specimen,2
necessarily,4
librarian,5
receptive,2
damnation,1
welcome,63
tenth,3
trippy,1
into,353
firmly,1
gluttony,3
buds,3
unnamed,2
exhaling,2
force,35
blender,4
inquiring,1
command,41
electrolisis,2
explain,32
unique,4
pride,7
exerted,1
cone,4
cbunny,1
ferrel,1
airflow,2
gracias,1
jeebies,1
homo,2
repeats,1
cardios,1
sprout,1
teehee,10
using,75
sushi,9
bossladycheer,1
convo,14
resurfacing,1
thinks,22
lmaooo,7
cognitive,1
billy,3
overwhelmed,2
retrievers,1
therapies,1
pegs,5
goin,6
adjusted,1
roles,6
system,36
pouts,1
bork,1
equality,1
jdnsudk,1
legarm,1
airsoft,1
catalyctic,1
reoccurring,1
lucid,2
spring,4
succeeded,3
rerack,1
napping,1
hrhdishebhdydb,1
yipp,3
floats,1
womens,5
cawnnowt,1
dragon,36
lovr,2
itreallydoes,1
ramed,1
gusto,1
turn,52
infruriating,1
fled,1
hammiessss,1
nonaccepting,1
arent,85
discord,76
meternal,1
togetherrrr,1
convinced,3
later,85
clayton,1
gaymer,1
gmormning,1
zealander,1
pokédex,1
predator,1
flowglow,2
totally,22
copacabana,1
labtop,1
𓀬,1
weeek,1
labs,1
degree,11
snipertact,1
purge,4
choked,2
leafeon,1
tube,1
owing,1
restc,1
bimbofy,1
beers,5
everyone,199
bandana,2
eggskully,1
cryptotards,1
method,2
sniff,8
karzahni,1
hyperfixating,1
rape,2
hatis,1
poems,1
abuse,11
refrences,2
reheated,1
lolishota,1
watch,159
guards,5
kiara,4
finds,6
redflag,1
intervention,2
reclaim,2
cccp,1
spherus,1
allowing,1
pampered,1
caretaker,2
annihilation,1
slain,2
visits,1
reincarnated,11
supremacy,2
hopelessly,1
easilg,1
ghosted,1
deag,1
depression,7
skincare,5
aquire,1
paws,4
rename,2
kinds,6
stories,13
parenting,1
glue,2
whatshisface,1
flybyes,1
yummerz,3
stress,11
mmmmmmmmm,1
wamen,2
costings,1
musical,1
tacos,3
confederate,1
buuut,1
disregarding,1
detrans,6
mead,11
keysmash,4
cracks,1
sameee,1
korning,1
shmuck,1
areola,1
besties,1
offenses,1
eldrazi,1
reshuffle,1
thinkoo,1
tragedy,6
forwards,1
awwweeeeee,1
confused,32
rests,1
latino,9
hurting,17
yeppers,4
condition,10
shader,2
programming,17
tmilk,1
pleasee,1
demonss,1
pirates,3
jesting,2
kemonomimi,1
heinous,1
transphobic,9
simple,23
manwhore,1
kalua,1
morniiiing,1
bbbbggggggbbbbbgbgbg,1
ontop,2
comphy,1
badda,2
arouse,2
fellow,8
sustain,1
antiseptic,1
mediator,1
ribs,15
little,536
idiotic,1
uniforms,1
peemnis,1
components,2
streets,3
donating,2
titles,5
dyke,6
outgrabe,2
respectable,4
chun,1
recgonise,1
movements,2
sore,19
sought,1
loves,13
cruelty,1
giorno,1
bloodletting,1
concealer,1
literately,1
butter,8
jogged,1
interject,1
progression,2
azure,1
shutting,2
further,13
hateable,2
bandage,1
faux,1
ogrin,1
october,2
banned,10
abcs,1
pull,30
differ,3
disrespectfully,1
kgkg,1
oestrogen,1
valdor,1
imply,1
faggot,38
nerde,1
boltstorm,2
jingle,2
tone,6
females,1
pentakill,1
reassure,1
ears,23
identity,15
spectrums,1
searched,2
tomatoes,1
honda,13
yipee,1
operative,1
canteen,1
want,800
haunted,3
intext,1
flower,2
demoralized,1
thethought,1
backshot,5
dentist,2
surroundings,1
momney,1
ovulating,2
wretched,1
nosh,1
shortcircuited,1
reforming,18
videogames,1
tiny,42
monotone,2
teachers,1
clefairy,1
bake,9
goty,3
dreem,1
reasonable,5
benalla,1
metaphorically,2
cyrion,1
eldar,4
luggage,2
enbies,5
teddies,1
lasted,3
complains,1
bodybuild,1
mesmerising,1
wool,3
chickpeas,2
younger,5
bust,4
only,612
expend,1
fuuuuuuuuuuuuuuuuuuuuuuuck,1
meshes,1
fruition,1
mimsy,2
guide,3
pastries,2
dumbbell,3
machines,6
achievements,3
baybee,2
aaawn,1
lizzie,4
innuendo,2
medicine,5
coraloading,4
brilliant,2
bind,1
quarter,2
ashesparkles,1
homes,1
meme,56
fuckin,71
essentially,7
easy,104
flogging,1
verailles,1
grippo,6
horribly,3
sitting,29
your,1138
constellation,1
harass,2
mummys,1
pretzle,1
gained,4
prices,9
cases,8
volley,5
ironically,14
ancestry,1
huuuuug,1
toilets,2
coats,1
fatesamurai,1
spirit,11
benifits,1
thank,294
stamina,3
scheudle,1
degrade,2
gigantic,1
wooky,3
fuuuuckkkk,1
armchair,2
colors,8
uppiessss,1
diseases,1
atteeention,1
crayola,2
haveahealthydietjpg,1
fusing,1
bisexuality,1
jellyfish,3
barking,4
mill,3
extensive,1
lovekurousa,1
pasty,2
handcuffs,1
spoonful,1
urgently,1
opps,2
fking,1
advent,1
zorra,6
heartgive,1
boob,6
lightly,1
upsets,1
diablo,1
rami,186
spilling,1
mfer,9
loving,4
national,9
lenguinie,1
agori,1
weeny,1
booo,1
darkers,2
meanwhile,3
bunnies,8
passions,1
expressions,1
save,29
conundrum,3
maccas,3
neurolictor,1
eeehhhhhhhhhhhaaaanokau,1
cavy,3
slops,1
consider,20
biological,4
lytpraysp,1
menace,4
mewo,1
vials,4
anniversary,4
acne,1
kept,31
fumes,3
rick,4
french,16
peice,9
ttyl,1
superficial,1
bzzt,1
puppys,22
whirlybird,1
aaaaaaaaaaaaaaaaaaaaaaaaa,1
manually,4
thunderstore,1
complimented,5
ample,1
coruse,1
sprite,1
allday,1
bufftiriwingl,1
chess,3
neutered,1
bitting,1
fruits,1
respecting,1
reacitons,1
seeing,50
makin,3
hollo,1
poglumi,3
attack,15
frigate,1
femme,22
sloppiest,1
posthrtride,1
eyebrow,1
iphon,1
naahhhh,1
validating,1
cuteee,2
rebottle,1
filthy,4
spare,17
fort,1
pooner,1
hemispheres,1
faith,2
laptop,9
cowgirling,1
shuffle,2
grrrrrrrrrr,1
realzies,2
budest,1
constructor,1
underline,1
yessir,1
trad,1
procured,2
oooohhh,1
shwabadi,1
soon,81
solomon,2
𓀧,1
headbutt,1
opioid,1
grain,2
ending,12
moley,7
allng,1
chorizo,1
collector,206
leatherwork,1
hive,3
bussin,2
magazine,3
interdimension,1
commenting,1
stimkers,1
howd,6
congratulations,4
earlier,37
torn,1
durry,1
mexicans,2
pleaase,1
youdidsincewhen,1
sits,1
stoves,1
assistant,1
conditional,1
maga,1
hehe,105
rsupportimp,1
skye,6
depressing,5
pixar,1
pipebomb,5
vergil,2
transmeds,1
gowd,2
landjwbfhajbda,1
numb,6
krueger,1
favorite,42
talos,3
warranted,2
preservation,1
mastering,1
sneezin,1
knowledgeable,1
employment,1
midnight,6
safari,1
goooodniight,1
averaged,1
babey,1
muhreeeeeeeeeen,1
filling,6
hoped,1
𓀝,1
healthy,14
headcanon,1
ygra,1
gaymaxxing,2
nyohhh,1
criminal,5
ball,68
converting,1
heels,15
cuddly,5
fantasunkist,1
isopropal,1
ferretsoftware,2
forger,1
olay,1
suitable,1
satisfied,5
gullible,1
bile,1
seeinf,1
droppods,1
hotdog,6
glide,1
kilos,2
phse,1
inces,1
chronological,1
micros,1
emotional,7
technicalities,1
bruce,1
burrito,15
eeeeever,1
dermals,1
zeus,1
energy,65
automatically,5
shafter,1
mock,2
touched,4
gutter,1
refusing,1
allow,8
begin,1
transed,1
behalf,1
awfully,1
techincally,1
binks,3
nyooh,1
schtick,1
ticking,1
parry,2
crits,1
wokr,1
pensivecowboy,2
eugene,3
rails,1
defect,2
arcane,21
dislocate,1
beardless,1
tricking,1
unfaiiiiiiiir,1
upperbody,2
ignores,1
outright,5
purely,2
boot,4
progrsterone,1
cults,2
maddysmh,2
pancreas,1
tumtum,1
pointers,1
mhmm,1
forecasted,1
artsycrycow,86
periferics,1
pricked,1
casual,7
zords,1
disgraceful,1
mould,2
cape,4
chibidoki,1
minimun,1
limiters,1
shotfuck,1
essential,7
eshay,1
flavor,9
either,104
cutscene,4
cordless,1
innate,3
kreme,2
greeks,2
board,17
convertible,1
congrats,16
intresitng,1
guild,1
butting,5
aaaaaaaaa,2
enhanced,2
orca,1
dobanhonkeros,1
tedtalk,1
mephistopheles,1
bitch,213
captain,2
feret,1
twin,6
janglejingle,1
cherish,1
concur,8
sheeezuus,1
robocops,1
untrue,1
pants,27
teally,1
kikuo,4
monthly,3
forgiven,1
networks,1
frogge,1
plushy,4
jinkies,4
datewish,1
professional,7
miko,1
drying,2
condensed,3
shoot,23
petite,1
inspo,2
iems,1
fifty,3
manned,2
handy,1
opal,1
hence,10
accident,3
lildicky,1
sched,1
milestone,1
engine,9
photoshop,1
helo,4
lime,4
honolo,1
tobyfox,1
conveys,1
holes,13
puto,4
deluxe,2
weirdos,1
helpful,6
tendon,2
trialling,1
guhghghhg,1
chickening,1
pastelly,1
dumbfuckery,1
stylist,1
easier,42
traume,1
dykeula,1
rapidly,1
carstrucks,1
charisma,4
gatorade,4
rotting,9
numbed,2
thnig,1
minded,3
junk,3
smited,1
savior,1
leftover,2
porterhouse,1
sheldon,2
yeeaaaah,1
mandela,1
hurt,64
hmph,3
andy,1
quitting,1
nonetheless,5
orbs,2
civic,12
pwease,3
porta,1
ksank,1
consents,1
bends,1
sneak,3
swatted,1
liberty,1
paralleling,1
genesis,1
fineeee,1
grandfathers,1
sock,3
delete,11
regionals,1
customised,1
tasting,3
tyty,1
marlboro,1
animated,7
insults,2
gees,1
performanec,1
nuuuuuuuuuuuuuuuu,1
undecided,1
ladyboy,1
breathing,10
twenty,6
directive,2
privilege,4
collab,6
noice,4
sexier,2
mile,3
foxgirl,1
sunset,1
grip,30
jiggle,2
sidewalks,1
human,48
pans,1
radiance,1
stitches,1
network,3
huuuuge,1
recovering,1
prett,1
woolworths,1
shlep,1
rate,13
peeling,2
sydney,7
vagine,1
crown,1
rall,1
sanamies,1
pram,1
numbers,11
podcasts,3
comica,1
disengages,1
rains,2
exaggerated,1
faust,4
file,4
intrapersonally,1
commented,3
flaws,1
desks,2
dresses,1
yapping,6
combine,3
techpriest,1
imminent,1
brutally,3
krunked,1
pupnk,1
murderwing,1
quiters,1
versions,2
aure,1
moral,3
punchline,2
botan,1
deepweb,1
yummers,16
military,4
chattering,1
factions,3
compete,4
domination,1
woopers,1
paul,1
meeters,2
riiiiight,1
storing,1
enters,2
mindfulness,2
scratchandsniff,1
venezuela,2
unrelated,5
enjoying,6
hamstring,1
goodness,23
ovation,1
loud,16
hiroinodding,1
uodate,1
kaaatttiiiieeeeeeeeeee,1
changes,13
scissor,4
greenssgreenaablackfblacktadvantagethreatthreat,1
hefty,1
darlings,1
inspect,3
unicode,1
yeahg,5
cons,1
oocchat,1
monogamous,3
password,16
extremely,36
thqnk,1
masochistic,3
transbians,2
twist,1
bondage,4
squish,5
mihoyo,4
regard,2
babby,1
rounegunro,1
victoria,2
wnndhf,1
dollarbucks,2
recoil,1
compliments,7
eated,5
slop,5
hogging,1
former,2
fiiineee,1
packs,7
geography,1
camera,16
giveth,1
sake,12
smashing,8
stiff,4
instaban,1
ignite,1
niko,1
ight,5
minis,4
monster,53
oppie,1
orbath,1
prone,3
assad,1
pool,5
errrrr,1
likey,1
idfk,5
ahhhhh,8
abductions,2
limes,2
pawbs,1
foolish,1
ikari,1
meowskulls,1
whoooooaaaaaaaaaa,1
densing,1
godmode,4
cakes,3
urple,1
stopoed,1
bolted,4
barly,1
modem,1
nutritious,2
blackberries,1
exboyfriend,1
purring,1
school,25
liberals,3
spaceship,1
blushy,8
droops,1
prescribed,1
visions,1
screenshat,1
rotate,1
thatd,28
disgust,1
pulmonary,1
rego,2
hahahahahahaha,1
outcomes,1
terminology,2
jackson,1
disappointed,10
fuduh,1
gayel,1
spanna,1
alexander,1
style,30
spooked,1
faerie,1
rogal,2
overact,1
harness,1
enjoyed,5
cheek,1
subreddits,2
skilled,2
terror,2
tags,4
frase,1
inquisition,1
toooo,4
tarots,1
yessss,10
beards,3
wanst,1
infinitely,3
scots,3
idles,1
february,1
godemperor,1
ahhhhhhhhhh,1
metem,1
james,4
bring,47
heeeeheheheh,1
constantly,18
excitable,1
muster,3
developing,1
beeeeeeeeg,1
stifle,1
jelk,2
illl,1
skip,16
slept,17
occured,3
uncovered,1
zoanthrope,1
relaxing,2
kidnapping,7
smooch,5
particularly,4
nomming,6
tumblr,20
exboss,2
pogging,2
neovim,1
filty,1
nicemean,1
prerequisite,2
rich,14
mental,25
antenae,1
relistening,1
compliance,1
suuuure,4
hilarious,20
bsod,1
girlswhomstaretrans,1
sing,14
likes,29
𝓕𝓻𝓮𝓪𝓴,1
slimecicle,1
jarjar,2
doping,5
tyrannids,1
parked,1
petting,8
individual,9
compensatin,1
woooooooooooooooooooooh,1
brazil,94
downloaded,4
ideon,1
uhhhhhhhhhhhhhhhhh,1
𓁀,2
austistics,1
yeeeeeeeeeee,1
sonorous,1
sponge,2
wipe,5
swuishy,1
replenish,1
laggy,2
flavoured,2
bike,22
miniscule,1
sting,1
druidic,1
annibirthsary,1
sorted,1
vslid,1
traning,1
aggressive,3
significant,2
slaneesh,4
caring,5
chaos,14
sorrrrry,1
fishing,18
hammering,1
heiroglyphics,1
schwartz,1
umbrella,1
yeeeah,2
disasemble,1
fault,13
trust,45
nakiri,1
grungy,1
zyzx,1
denmark,1
archives,1
mechanism,4
pressure,10
robbed,1
immediate,4
receiving,3
overs,2
perhap,1
okaaaaay,1
intake,3
tape,13
hercs,1
potara,1
imscared,1
breached,1
pretend,17
existed,10
thankies,9
philippines,9
lowquality,1
deal,41
returns,2
walkie,1
hubby,1
nothinggg,1
saltwater,1
megatron,1
refreshed,1
snacks,3
arrietty,1
gallows,1
collars,4
crowbar,3
grandiose,1
elemental,1
fullblast,1
africa,1
piledrived,1
goooboooo,1
presented,1
migraine,2
diff,10
traveling,2
poison,4
invitation,1
fagting,1
lesbianism,1
tempered,1
answered,4
kino,1
youuuuuuuuuuuuuuuuuuu,1
temporary,3
metamour,1
dokkaebi,1
declined,1
resents,1
ratatuille,4
meters,4
psychomancer,1
order,24
troubleshoot,1
sproing,1
ezmode,1
estimated,1
warmers,1
proven,1
fuuuuuuck,11
preparing,3
controling,1
transgender,4
crave,3
reacting,4
helluva,4
runthrough,1
pitch,3
awawawa,1
buttplugio,2
cokebottlesizedbottles,1
tjat,1
conrol,1
fondly,1
slippery,2
pasta,20
cancer,11
fred,1
lubr,1
realest,5
jinx,3
principal,3
wowww,1
madness,2
apothecary,1
eprostate,1
expectations,1
inhuman,1
destroys,2
damm,1
phantasm,3
designers,1
coals,1
mower,1
therian,1
sheeesh,1
rosemo,1
assistance,1
dough,2
yooooooooooooooooo,1
birdgirl,1
hcomp,1
polêmica,1
covered,7
demo,2
verbal,1
sponsored,2
lowered,1
supplement,1
fromw,1
artform,1
sainted,1
amazon,3
proofing,1
inmy,1
mustv,1
babble,1
sammmme,1
ohms,1
given,30
elphelt,3
outside,30
flashlight,1
simplicity,2
indoctrination,1
vertical,1
affectionatly,1
identities,4
feeds,2
lezzgoo,1
bepending,1
critter,1
gravis,1
niamh,25
remasted,1
lust,6
dymention,1
garbodor,1
pussyofheart,1
beating,7
apart,9
themed,4
yummy,32
booooo,1
nemesor,1
tripping,6
flabbergasted,1
referred,2
marus,1
blowies,1
referie,1
bombing,1
scifi,1
headpat,4
twintails,1
glutamine,1
riderr,1
persons,9
souped,1
necrons,13
inserts,2
hyuck,2
majors,1
sunkist,1
jeisjejodjsnkdjcnsjdartsyblushcow,1
hazardous,1
rumahoy,2
interlock,1
dive,2
tboy,1
remeber,1
passed,16
ciri,1
ttrue,1
embeds,2
catching,3
heroin,1
thrust,4
solo,6
immma,1
rapier,7
redbull,1
imnotcuuute,1
mistetoe,1
tops,8
microscopic,1
fully,22
leaked,5
ultradepression,1
plums,1
kisses,9
dinners,1
awaits,3
characteristics,1
hyperlink,1
smaller,19
literature,4
overhangs,1
liike,1
kibble,2
election,5
bday,2
valentine,52
bankink,1
roan,1
building,23
parents,22
soundin,1
asijdhoasi,1
thoughs,1
complacent,3
patrol,2
land,9
four,7
brillig,2
slanted,2
content,35
transexuwual,1
stellaris,6
mossy,1
annoyinggg,1
christian,1
𓁑,1
discover,6
penny,1
pout,2
versa,6
twink,32
archetype,2
upbeat,1
slides,2
balaclava,2
abdl,2
mood,48
undertone,1
horn,2
powerlifting,5
megga,1
victorian,4
cambreaa,1
adios,2
favorited,1
time,555
experience,56
marek,1
song,43
yeahv,1
ellllaaaa,1
butitstruuue,1
dodgy,1
housewife,4
chatacabra,2
voyagism,1
rocketship,1
supoose,1
gura,9
lumber,1
meat,33
headaches,2
elitist,2
ingenious,1
extentions,1
buisness,1
plucked,1
exploit,3
close,64
indeed,76
venom,1
meshtastic,2
jonny,1
exposing,5
lifted,1
stimky,1
watermellon,1
deus,2
rewind,1
bribery,1
soladarity,1
pfft,13
hows,18
highschool,6
poetic,1
yesyes,1
equivalent,3
possess,1
wheeze,6
alhamdullilah,2
totsbite,1
dangerous,12
graaaaahhhhh,1
nawwww,1
recycled,1
csnt,1
downtime,1
suspicion,1
cooked,28
argue,6
perfecting,1
spilled,1
slandered,1
corny,1
imma,65
rail,2
buttplug,1
thunderhawk,1
teikoku,1
contemplating,1
momentum,2
sexpilled,1
heheh,2
clock,7
review,4
nacho,1
awoooooo,1
hiku,1
waters,2
wooo,1
combined,7
militia,1
megazordszords,1
router,1
best,156
photo,32
aaaaa,3
mamón,1
israeli,1
girlfriend,8
todaytonight,1
horns,4
godzilla,2
remaining,1
bathtub,19
blueray,1
revolution,9
spagbol,3
option,32
angry,12
networking,1
volume,9
friday,16
encouraged,1
functions,2
ywahhhh,1
washign,1
maori,1
mouses,1
nearby,2
mutual,1
defferance,1
dusk,1
sausages,5
greedy,5
pogges,1
yell,3
itneresting,1
fookies,1
postrotting,1
metafictional,1
timeout,3
nuuuuuuuuuuu,1
redeployed,1
formula,2
bowser,1
exploded,1
grindin,1
unfortunate,7
stunk,1
belly,10
glutes,3
mxmtoon,1
grandparent,1
bloody,3
ramiremi,1
stepmom,1
median,1
squid,3
gobos,1
swole,2
bass,6
codependency,1
ownly,1
chronicler,1
colonies,2
balldestroying,1
hand,73
donation,5
international,3
truee,1
scritchies,1
synthetic,1
gladd,1
leaf,2
fireplace,1
wahooooooo,1
eater,15
rero,9
coffin,2
motor,8
nostrils,1
bangers,5
kokaine,1
floorp,1
biased,9
nyeheh,1
hilariously,1
eeeew,1
shrugged,1
puppie,2
nonbinies,1
tslked,1
repairs,2
lilypad,1
quals,2
runners,2
steeet,1
overwatchs,1
mihoyos,1
heroes,1
gazillion,1
bear,17
melts,3
themes,3
garnet,3
gesserit,2
congratulates,1
xdoots,1
moar,1
prompt,1
doctorate,1
gynosexual,1
uehrwhfjhwqelkrjqwjekf,1
roads,3
centuries,2
wartism,1
record,8
decently,2
abandons,1
truly,28
goooooooooooooo,2
shif,2
lazerd,1
marugg,1
strider,1
disappeared,2
giovanna,1
klaus,1
confirm,28
hott,1
hotspot,2
banner,8
lesbian,54
manthing,2
remake,8
galway,1
niniiiii,1
yaself,2
nngggghhh,1
placeim,1
proton,3
perclass,1
twinsies,3
bullshit,9
digits,1
hungy,2
mrow,1
huzzah,1
repeated,2
missles,1
gameplay,4
absail,1
spiro,10
shrek,4
real,540
mirrors,3
seems,68
thays,1
calisthenics,3
article,2
sweaty,7
slur,8
waist,4
trooper,1
sheemzus,1
gynoid,2
described,5
jsdfuhasd,1
chimera,1
assissted,1
traim,1
edge,13
𝓕𝓪𝓰𝓰𝓸𝓽,1
imevil,1
hghjg,1
haiiiiiiiiiiiiiiiiii,1
ankle,2
pancreasnowork,1
unhappy,1
nobody,10
caroline,1
faxe,1
cutieartsyheart,1
raining,2
grippy,2
frother,1
shotung,1
sweetened,1
queit,1
guides,3
paths,1
thatss,2
incoming,3
bland,1
fennek,2
hugest,1
peanutbutter,1
engaging,5
owners,4
shroomp,1
vietnam,1
destruction,1
acidic,3
hellbomb,1
think,752
eyeliner,7
psyker,3
compliment,11
macro,2
grant,2
pluck,5
crate,9
licence,3
assorted,1
right,345
cops,11
triceps,2
tips,8
skjdfhdskjfh,1
doubling,3
warn,3
dislike,11
steams,1
ahahaaaaa,1
garage,3
cleaning,11
trio,1
hoise,1
plan,30
libra,1
monoboob,2
spontaneity,1
theweek,1
musics,1
sincr,1
dosages,1
prettyhandsome,1
minds,1
expedition,3
tomboyification,1
edited,4
railing,1
everyday,8
exciting,7
roof,5
filipino,27
frenchcanadians,1
blunt,1
snappy,1
donkey,3
cherry,9
shakes,6
ring,19
leader,5
beef,17
demand,3
oceangate,1
thatll,23
bois,4
dyed,1
neterlands,1
doors,1
tgought,1
𓀲,1
recession,1
hells,4
tipsy,3
guilitonie,1
blazing,1
meanan,1
lifetimes,4
deciding,1
scout,1
pandemic,1
hghgyyyujjh,1
inshaallah,1
overseer,1
unapologetically,1
kuva,7
breakie,1
exlpained,1
machinesjapan,1
mafumafu,1
stroppie,1
listens,2
factually,2
mcspankies,1
amount,50
bunby,1
chemical,4
decisin,1
wagga,3
subies,1
subby,3
breats,1
charles,4
gallon,2
visitor,1
florida,10
shower,31
glues,1
monthweekwhatever,1
peopel,1
monolith,1
announcement,4
thia,1
okiee,1
travler,1
arguing,2
pathology,2
koptosekh,1
sins,2
cheering,5
buringbakeing,1
firebear,1
psychopaths,1
deads,1
hummina,2
fridge,15
havemt,1
theirs,1
haiiiiiii,2
catto,1
sage,3
carrier,1
communication,4
newly,1
demihumans,1
vanguard,5
thatsmeeee,1
complaining,12
everywhere,21
shrump,1
eisenhorn,1
combo,13
amateur,3
𓀐,1
yippeee,4
aswell,5
confirmed,11
lumiii,2
mange,1
tickles,1
eissenhorn,1
defence,2
yougov,1
mooood,1
chubbier,2
floofy,1
dinos,2
victory,6
weekendstripwuv,1
bottomer,2
saba,1
function,10
spreadsheets,1
dale,1
descending,1
versatile,3
freddys,4
footsies,3
lurk,1
rikku,1
lard,1
pads,10
nervous,2
reeaal,1
shadowheart,3
publish,1
requests,5
crib,1
strat,2
bumblebee,1
skies,1
depriciate,1
polkadot,3
creep,1
shau,1
𓀨,1
towards,20
hopwfully,1
cleaner,1
theythem,2
anticoagulasts,1
aside,5
scarier,2
technoblade,1
neet,1
moaned,1
coalition,1
bigger,45
owothink,2
creepypastas,1
oooooooo,2
cock,16
necron,7
bábóg,1
shatter,3
swosh,1
slots,3
subtitles,2
ctrl,2
bombass,2
kinky,11
awomen,1
drinker,1
higashikata,1
canonically,8
frankstein,1
costco,3
team,26
𓀺,1
nostalgia,1
explains,3
meeku,1
divine,5
dontol,1
fuckinf,2
pushing,6
calc,1
afforded,1
libel,3
clatter,1
spinner,1
phobic,1
halfnaked,1
taze,1
seiso,1
beauriful,1
fondue,2
idfr,1
bunkle,1
trafficking,1
responder,2
bottle,27
feature,7
imstealing,1
perspective,8
mightve,1
incase,4
pinkerton,1
lola,3
floods,1
childen,1
cannot,52
shitter,1
jjello,1
templars,1
servo,1
match,17
spank,1
commander,6
bucet,1
rupees,1
michi,1
youngshit,1
veruy,1
sojourn,1
scooby,1
doge,1
insecure,1
sitch,2
yawners,2
yesh,3
yeahhhhhhhhh,3
𓀭,1
charging,1
ooooft,1
affects,3
uuuuuuuuuuuuuuuuuuuuuuuuuuuuuuuuuuuuuuuuuuuuuuuuuuhhhhhhhhhhh,1
riiiiiight,1
cough,5
olive,3
jazzyrat,4
implantsssssss,1
installed,7
births,1
lawyer,3
hoodie,16
hate,167
hypothetical,2
skips,2
raaaaahhhhhh,1
reconmend,1
covers,4
leme,1
intervals,1
oppressed,2
messing,4
connect,10
heyyy,1
scrolled,1
crunch,1
valentines,7
loading,5
conjuction,1
known,32
hafta,5
maasscom,1
bitrate,1
standards,11
desire,8
assblasted,1
conveniently,1
poses,3
steel,11
golly,13
tart,1
king,29
bioroids,1
fortntie,1
salts,1
winehouse,1
biomass,5
approved,2
yayu,1
rabbits,2
remained,1
apperantly,1
butthole,2
viles,1
trance,1
freelo,1
painstakingly,1
skitarri,1
diced,1
rejoice,1
meatlovers,1
girlymans,1
primordial,1
gosshhh,1
aspect,6
needed,31
recommended,6
addresses,1
favelas,2
cord,1
materials,2
inbreeding,2
asked,42
nuked,3
sentenced,1
abby,6
whileback,1
robins,1
serena,2
inferior,1
reassemble,1
cwing,1
waighted,1
messes,5
cottagecore,2
takemi,1
witcher,1
overrides,1
ouroburos,1
construction,2
ramshorn,1
retarted,1
ibeat,1
noises,9
wickedly,1
hill,9
fountain,1
lodged,2
acliamed,1
shrimp,36
recording,1
sightintegral,1
watiing,1
farmers,3
nervoushiro,1
abput,1
local,12
feesh,1
sturdiest,1
entail,1
antibrainworm,2
kissed,5
annoyingweird,1
wins,11
tara,1
adults,7
preping,1
intel,3
yikes,8
unnecessarily,2
simultaneously,2
weeb,15
uhhhhhhhhh,3
musica,1
tobey,1
santa,1
zoom,5
site,21
memeappreciation,5
rockband,4
bajillion,1
sunlight,1
bombings,1
knife,13
alchohole,2
slaves,4
programmer,3
shoulder,14
expensiive,1
noddingknight,1
grok,2
barrel,1
comfort,5
innthere,1
foken,1
grabable,1
kekkers,1
longsword,4
flaming,1
eldritch,3
toku,1
miku,19
embarrassedblush,1
fertilised,1
dragonball,1
meaty,1
growled,1
belisarius,1
emojiheartstareemojiheartstareemojiheartstareemojiheartstare,1
sapphos,1
dwarf,5
wand,2
vitamins,1
seen,149
puta,6
affirmation,1
transmascs,1
spite,2
whyyyyu,1
swag,2
assisted,2
detective,1
experiments,2
gotta,129
nutz,1
compared,11
crimed,1
feel,322
biologically,2
dimension,1
producing,2
grompitsm,1
willpower,1
fone,1
unknownpng,1
wintersummer,1
subs,4
pringles,1
scissoring,1
cbrrr,1
bribed,1
whooooooo,1
references,7
rewrite,2
occount,1
teas,1
moruhiko,1
crypto,2
shrouds,1
borrow,5
grandmeowster,1
probally,1
uugh,1
awoo,1
pics,46
schizophrenia,1
sparrow,3
wireless,2
tweaking,4
uplayable,1
radio,2
mamavalehug,3
marginalized,1
enchilada,1
alchohol,1
vbucks,1
slid,1
survives,1
caves,1
starts,15
variables,1
homosexual,5
yehhhh,1
sammichh,2
gremlins,1
noooooartsyblushcow,1
transferring,1
cabezon,1
goals,69
aqua,1
artakha,1
dean,1
abysmally,1
paid,14
abomination,1
endurance,9
blahajs,2
yday,7
straightup,1
maed,1
earious,1
greens,1
cyber,2
pokes,1
manmade,1
gross,8
yeeeeeah,1
goliaths,1
matters,9
shallots,1
pipebombs,4
speculate,1
fornite,1
announced,3
embedding,1
reparb,1
magistar,1
sandwhich,1
fizzgig,5
duster,1
declare,2
intricate,1
rhymes,2
wildin,1
estrogens,1
card,34
tinker,1
publicly,1
kneeing,1
rocketing,1
pone,1
guzzler,2
absurd,1
folks,9
approval,1
legume,1
seduice,1
danish,1
fawkin,1
sorta,17
serial,1
pole,2
pcie,3
grammy,1
kushala,1
none,26
transfemme,4
lingua,1
whatchu,4
deadname,2
according,15
llms,1
coffee,41
eugenics,1
slut,31
imadorable,1
fling,1
reinstalled,1
interests,6
reactor,4
biboo,2
annoy,1
vague,2
howt,2
boop,3
hadron,7
lottttt,1
exists,13
finally,54
chip,5
counteract,1
akjasfjkajsafkd,1
departments,1
slep,2
referencing,3
miriko,2
mechadendrites,1
detected,1
buntings,1
bdays,1
foreplay,1
instincts,2
ellacore,1
mothwrfucker,1
christmas,11
degens,1
japanese,24
protodermis,1
blueberries,1
banging,5
biweekly,1
apperently,3
backup,3
null,1
glacial,1
morgeinging,1
desitny,1
uncomfortable,7
pizzas,1
weebs,1
jkdnjwbbibabj,1
coward,3
slab,3
borito,2
ually,2
element,3
drop,37
classes,14
minecrafts,1
unfaiiiir,1
thorsty,1
zorah,1
chillin,1
distracted,9
digging,4
wowzers,2
regulates,1
displacement,1
harris,1
uhhhhhhhhhhhhhhhhhhh,1
antlers,2
alucard,1
nighter,1
tragicyuri,1
rubs,4
alriiiight,1
stern,5
diffenrly,1
judges,1
ajkdfhsjkfvhdskjfvh,1
itchy,2
similarly,2
ayyy,4
mighty,9
cabbage,2
oblivion,3
schekles,1
clownmime,2
gooners,6
significa,1
laughed,3
mobility,2
puberty,2
gayce,1
inveitable,1
closes,1
trader,2
stagnate,1
pushups,6
hpawucholycheenerddns,1
alllllll,1
sissy,2
dogwater,1
jersey,2
miscalculation,1
retards,9
tengen,1
consciousness,2
bookstand,1
devs,3
srsly,1
𓁅,1
wininng,1
insanity,7
birdie,1
nations,2
traditional,4
snurchposting,1
spinny,1
gyno,1
simps,2
studio,9
queue,4
assuming,8
bein,1
atching,1
jfkd,1
assaulting,1
calypsod,1
shortstack,4
outsiders,2
darker,2
chikiin,1
ports,1
reliable,4
namek,1
kidnap,4
bankrupt,1
storytelling,2
zinputs,1
taaad,1
necking,1
hiccups,5
prestonsuave,1
pubbie,1
returned,3
hihi,2
precision,1
bottleneck,1
moved,13
gooooooooood,2
pipe,4
dotodoya,1
baaaiii,1
interestsss,1
yeeeeeeaaa,1
scandal,1
vacation,3
hobbies,12
itching,3
hatosaur,1
layed,1
yknow,38
portions,4
yuuuu,1
strengh,1
humor,2
plume,1
byke,1
zangief,2
outplaying,1
colossal,1
clam,1
waydroid,3
elders,1
unreleased,1
dinosaur,3
rubber,6
supra,1
blackwhite,1
stolen,4
chin,6
anticoagulents,2
dermaveen,1
faye,4
fucks,26
shsizbusvsis,1
carried,3
mend,2
fine,76
deprived,2
determine,2
overviews,1
couple,32
alll,1
abseil,1
horrified,1
blanker,1
misinform,1
round,15
fool,6
shelf,3
apricate,1
𓀢,1
exclusively,1
goes,87
confidential,1
greyish,1
handout,1
onlyfans,1
toes,12
receipt,3
football,2
gort,7
period,9
raising,2
echo,10
obscure,1
herforge,1
several,8
progenitor,1
foliated,1
abigail,7
gghgnhngnhngnngngn,1
clientside,1
piza,1
tires,1
spirits,2
lopez,1
avatar,9
creation,5
trolling,3
acknowledge,3
monetary,1
poon,1
incestgore,1
spiel,1
level,40
solve,6
fuuuuccckkkkk,1
branding,1
hugeline,4
hineatly,1
stripoop,2
possim,1
weehhhhhh,1
reeeeeaaal,1
gall,4
shockingly,2
terminal,3
doof,1
tighter,3
supercar,1
reaches,1
hinting,1
hyperflexibility,1
summarise,2
chop,2
dakiris,1
liddle,1
come,178
merman,1
covering,1
emperors,3
frequency,1
witnesses,1
buses,1
region,3
morb,5
proves,1
wear,59
long,145
motorbike,3
vent,4
leanbeefpattys,1
google,31
animator,1
hiroshima,1
throne,7
honest,14
lions,56
incompetent,1
bahonkas,1
meggeezus,1
hunting,5
cannibal,1
inshallah,6
kidneys,1
xlose,1
patthew,1
egirl,1
enjoyer,5
ajlkajfjlksaf,1
eblushlooking,1
sonicfox,4
improved,6
sampled,1
taxes,2
confidently,3
owwie,1
kinks,7
nasu,2
genestealer,2
barista,2
wouldnt,93
about,813
instagram,10
would,693
appointment,12
queeen,1
ambients,1
rows,6
kowabana,3
aira,1
nuking,2
excepted,1
ahem,1
regions,2
gyro,1
badge,3
thanksartsyheart,1
passwords,3
showcase,2
suuuuure,1
autofisters,3
along,22
bothered,8
announces,1
customisation,1
transwoman,3
demonic,2
anyways,14
strikes,4
phreaks,1
goooooooooooooooooooo,1
bloats,1
they,997
quirky,12
wehhhh,1
torvol,1
goooooooooooooooooo,1
pressed,4
hazard,4
taken,32
bullet,5
musket,1
mraww,1
bipolar,4
alone,30
momoka,1
include,7
gyms,3
hitches,1
peggle,1
woahhfje,1
prohibit,1
portugese,1
supervision,3
gass,1
comeone,1
litmus,1
filho,1
turning,11
highlevel,1
jalapeno,1
claim,4
myasapan,1
haaaaate,1
eats,3
drownsink,1
mainstream,2
apocalypse,1
pedlay,1
borne,1
belss,1
solutions,1
chauffeur,1
inyroduced,1
oregano,1
bodying,1
artistic,1
members,8
amounts,9
speaking,38
wowwww,1
peroxide,1
rahhhhhh,1
kind,88
bombasss,1
hammer,19
refused,2
smoothly,2
louise,2
shambles,1
south,15
mooners,1
peppers,1
yippie,2
𓁐,1
truuue,2
iphone,4
duracell,1
ellie,2
buggers,1
gardening,1
irritated,1
serving,4
resistence,1
fans,23
stances,1
ohio,7
mych,1
vanders,1
mrryym,1
fucker,111
deadpool,3
oxygenated,2
seethe,1
yipppeeee,1
crazier,2
conspire,1
psychedelics,1
rebuild,2
glughlughglugh,1
standing,12
putangina,3
reckon,5
tied,10
yourselves,1
comics,6
angrylumi,2
persuasion,1
nuuuuartsyblushcow,1
ratling,1
ravioli,1
goid,1
sprayed,1
splochy,1
dryer,1
socket,3
coconut,6
daemons,2
coordinators,1
treated,2
stunning,2
goodest,1
kabuto,3
candyman,1
stormfang,1
bnuy,2
clive,1
nawhhh,1
mwaaaaaaaaahh,1
cheemzburger,1
housho,1
adsklfagasdijfh,1
accepts,1
genie,2
highish,1
procedes,1
grimes,1
fascinating,2
wolffe,1
scope,2
krack,1
manxome,1
provoking,1
brisket,6
brits,2
border,1
workaholic,1
nncndhdh,1
chomp,1
flip,2
risky,1
nooooooo,3
commissioned,2
shorts,24
woke,39
themmmmm,1
critisize,1
ballin,6
ultimately,1
thee,3
wiki,5
famous,13
millimetres,1
dumbells,9
spoiled,1
itdont,1
cashew,1
citizens,1
irlappreciation,2
coon,1
propganda,1
brawl,1
sees,6
sammich,3
towels,1
wokane,1
spiciness,1
very,429
transexual,1
niniii,1
potenkin,1
dogshark,1
tarin,1
small,86
injury,4
afternoon,4
provided,2
aaaaaa,2
doubles,2
seren,1
beta,7
yuhhh,2
littles,7
evolving,1
separate,6
wiped,4
skirtshorts,1
lessons,2
asexuals,2
admitting,1
sighting,2
faggiest,2
gaggle,3
witht,2
fuckboys,1
somebodys,1
spontaneously,2
interestinf,2
pubb,1
banning,2
darktidelie,1
boykisserautism,1
wolf,3
influenced,1
stomach,15
fornhold,1
earthquakes,1
banjolessness,1
turtlenecks,1
hewwooo,1
reeeaaaalll,1
straightness,1
location,2
tennants,1
comming,2
imsortofafujoshi,1
iraq,1
dorms,1
doctors,9
bunnycore,1
dyslexic,6
clumps,1
impressive,19
goblin,5
schizophrenic,1
cuter,3
halfling,1
singlet,1
pwetty,1
oooooo,7
bible,3
rescue,5
nonstop,4
jose,1
jabbawock,1
trumas,1
lured,2
scale,16
shades,3
breat,1
gucci,11
kofi,1
altgirl,1
carplay,3
fuuuuk,1
depressive,1
ooohhh,1
headpatt,1
messafe,1
possession,1
aztec,2
palindromes,1
hard,226
reeling,1
themselves,19
steph,110
trazyn,5
thisll,2
accomplishments,2
twilight,2
shaders,1
excellent,6
locked,6
bash,1
troop,1
morgnin,1
reach,12
calves,6
measurements,2
adapter,1
nyaww,1
warhammer,12
packages,1
ohmygod,6
collected,1
brainless,1
finasteride,1
fetlife,1
banished,1
nearly,3
inderring,1
chance,39
dudeguy,1
anarchy,1
yuei,1
hotline,2
untouched,2
fetch,12
goose,4
ndhhdd,1
truth,9
chasing,5
patron,1
foodies,1
dropping,7
from,721
villainy,1
tyrant,1
virtual,2
theyll,23
entry,4
whhhhaaat,1
kmmmmyes,1
thetr,1
nvme,1
paused,1
appearing,3
chaser,6
thriplewait,1
automollied,1
chuds,1
potassium,1
hitlerite,1
ruina,2
getter,3
ghost,26
continuing,1
autisitc,1
rosa,1
grandfather,2
flight,3
quadrillion,1
alsways,1
watermark,1
help,147
working,101
weathers,2
𝓕𝑒𝓁𝒾𝓍,1
attacks,1
rabbit,6
groundon,1
shakier,1
murderer,1
warforged,3
bark,10
press,27
christopher,1
unplugged,1
avail,1
rebrand,1
manifest,2
milo,7
𝓗𝓊z,1
playong,1
vivec,1
jerra,2
okya,1
kawaii,1
chill,29
homos,1
autocorrect,4
scored,2
prospecting,1
boiz,1
australians,5
imbalances,1
adult,7
pony,2
yeahhhhhhhhhhh,2
dogbowl,1
dayyyymmm,1
amymore,1
holidays,5
verr,1
idling,1
intersted,2
visually,1
dibs,4
punk,9
geals,2
errors,3
raccoon,1
powgers,1
nulled,1
utsup,1
vendors,1
reeeeaaaaal,1
imagined,3
lion,4
spire,1
efficiently,2
reporting,1
bugi,1
snipers,1
weld,1
unexpected,5
huffed,1
upstairs,2
stripe,1
humbint,1
teiotrue,1
newwwww,1
fission,1
declassified,1
reyna,19
hngmgmhnhg,1
recharge,1
kyriu,1
funking,2
beer,16
cuba,1
crunchy,1
shining,2
sexism,1
powder,14
wouls,1
unemployed,7
lazy,19
babt,1
oehfjwbdha,1
pupppyyyyy,1
nooooo,24
canadian,3
aibophobia,1
forrests,1
sweatinf,1
aquarium,2
become,48
yoooooo,4
wubbb,1
finished,27
seou,1
poppins,1
floppas,1
amen,13
banger,57
claspers,3
ahshfjfj,1
suggest,13
rawring,1
mentioning,2
combiweapon,1
libido,3
messup,1
fingered,2
puking,1
neckline,1
threw,5
coloured,1
hall,3
assure,2
drowning,1
xenos,9
capability,1
topside,2
youll,118
staying,10
bueno,1
camomille,1
seat,5
cores,1
proc,1
fishers,1
arrived,10
rags,1
whao,1
poggie,1
ababababba,1
frag,1
polls,2
knuckle,1
dollar,12
reluctant,1
mazinkaiser,1
book,30
parrel,2
🅱razy,1
divide,1
prefered,2
inspired,9
governments,1
coarse,1
neverrrrrr,1
stripthink,2
dokioop,1
argentinos,1
breath,8
financially,1
prettyy,1
ripoff,1
intergrate,1
pickled,4
binder,1
polyurethane,3
wholeheartedly,2
redonda,1
fainted,1
souce,1
mafia,4
abdusctions,1
woaghh,1
state,21
facism,1
gmorgining,1
turtle,3
generates,1
creepily,1
conflicted,3
mosquito,2
troncest,1
builtin,1
birbs,1
planed,1
plug,4
swanson,1
steven,1
veiny,2
supiresd,1
mined,2
lollll,1
ninja,4
thirst,3
wire,1
isopod,1
yaeh,3
negatively,1
decorated,2
treating,1
posted,43
strive,8
cowboygirl,1
goat,12
contributing,1
darling,13
quouting,1
jollibee,7
yeeeeaaaaaaah,1
holiday,3
welll,1
mreo,1
beeauuutiful,1
north,4
prettty,1
imprison,1
nope,29
samsung,1
antagonistic,1
greenaapurpletblackfthreatdarkpipdarkpip,1
lottery,5
anyoen,1
spray,9
istillneedtoreadthis,1
alcohlism,1
dork,1
sheldo,1
kazoom,2
giraffe,4
willllll,1
cargo,1
lwfr,1
beekeep,1
tropicalhell,1
pills,10
lololol,22
homophobic,3
chokehold,1
porns,1
snurch,1
incorporate,2
sleepsies,1
smthn,1
powerfist,1
champion,1
meowdy,1
bulwark,2
tonights,1
hehehyaaaa,1
torrential,1
arfarfarfarfarfarfarfarfarfarfarfarfarfarfarfarfarfarfarfarf,1
potaro,1
subject,7
craved,1
hypertrophy,1
whoooos,1
acheeee,1
beginning,4
canceled,1
fits,9
acdc,2
assassin,3
meeeeeeeeeeeee,1
frierin,1
propblem,1
needy,7
thang,3
glow,2
dnds,1
floor,25
popular,7
gendie,1
halumi,2
philipipnes,1
friends,95
dayz,2
blep,1
minority,3
brandon,1
ceiling,10
updatenis,1
profit,5
howit,1
woohoo,7
glug,2
fluffier,1
lave,1
twhe,1
misery,4
tights,2
deltarune,11
russianssoviets,1
rewatching,2
campiang,1
nitro,28
caged,1
dome,1
upscale,1
trojan,1
christler,1
disgusted,1
googenrs,1
stimulates,1
onion,8
ated,1
troon,1
scammed,3
seiko,2
gymplus,1
slamming,1
tits,64
teenage,5
possumly,1
yoouuuuuuuu,1
forgetful,1
lonely,7
patrick,1
dint,3
nooooooooooooooooooooooooooooooooo,1
stat,5
opening,13
loooool,7
cocaine,4
uhhhhh,3
omegelol,1
heretic,5
gunl,1
convincing,7
waited,1
notions,1
prebuilt,1
gots,1
antiace,1
meds,23
vaccuming,2
splits,3
rewrites,1
snuggly,1
doobora,1
sheeeesh,2
bedtime,6
dealer,2
arming,1
basspro,1
crumple,1
thayd,1
dunes,1
jolt,2
transflag,1
legitimate,1
plase,1
careful,15
brief,3
spain,15
terraria,1
guardians,1
okey,9
sound,59
detransed,1
nowwwww,1
stick,26
signing,5
cosmetics,2
doessound,1
fonna,1
chud,3
annoys,3
youreallycan,1
greem,1
gaslighting,2
sequel,2
beat,33
resolution,3
needletubing,1
staffy,5
smears,1
lezzzgooo,1
spoilers,19
chrysler,4
postrot,1
multipliers,1
skinned,3
noticeable,2
diagnosed,2
vylet,1
impression,3
hemisphere,2
sarcophagus,1
douche,1
envelop,1
salt,5
wurmpera,1
𓀩,1
nicr,1
scriver,1
worship,3
possible,52
babytrans,3
heaters,1
geared,1
whog,1
bulgarians,2
vitiapt,1
eight,2
reals,2
grenade,6
drained,3
primetime,1
mirko,1
hour,62
overhear,1
salam,3
gooddd,1
deney,1
blackhole,4
cello,33
stealthy,1
cooled,1
shaving,5
awakened,4
emancipation,1
foggy,2
girllll,1
fishies,1
simulation,2
nair,1
claw,3
tosses,1
biker,1
synonym,1
euphoria,2
hololive,30
bottlenecking,1
pishock,1
cent,1
certificate,6
cuddle,22
cutting,4
practiced,1
cabrona,1
terminated,1
staggering,1
corrected,4
celebrating,1
transgirl,1
replacment,1
lafjanxhancban,1
comparison,6
accompanied,1
stormi,8
hiccuped,1
hipthrust,1
considered,27
plzzz,1
interstate,1
gotham,3
pople,1
meah,1
pinged,1
dandan,1
shidding,1
jims,1
hermeddic,1
kabum,2
release,7
suicidal,1
pendant,1
contribute,2
vmware,3
opium,1
ykno,1
colours,6
idiot,19
electrostimulation,1
telling,25
wedding,5
refer,11
yippieeee,1
yeahhhhh,14
quackquackquack,1
thnk,3
navigate,1
offs,3
confusion,1
aggressors,1
keygen,1
rightoid,1
cynicism,1
woter,1
tsukihime,2
awhile,7
softcore,2
fuwamoco,3
classifying,1
goodpet,1
legalised,1
commissioner,1
slammed,1
specify,2
eveey,1
adapting,1
enthusiasm,1
containers,4
pokemone,1
cigarettes,5
poem,1
ﾟﾟдﾟﾟ,1
pill,3
safety,5
kidn,1
unluckness,1
bearington,1
switchaxe,1
wassup,2
chicen,1
crickets,1
azula,4
powerless,2
turned,23
socialize,1
gorilla,6
liar,1
aaaaaaaaaaaaaa,1
cuddled,1
dressed,4
poorhammer,1
studdies,1
indestructible,1
iwannabe,1
inputs,4
donuts,2
productivy,1
twitters,1
ticketed,1
bloat,1
fuuuuuuuuuck,1
flashback,1
rahhh,1
green,56
wanteds,1
melee,5
rammy,4
expand,1
mountains,7
rambling,1
pfffft,1
validation,4
success,3
guitarist,1
devilinspiredofficial,1
requires,2
prostate,2
cautious,1
donkeyflutter,1
rings,4
path,4
basef,1
pharmacy,3
summoning,1
tonget,1
toooooo,2
shooooooooo,1
levis,4
galen,1
faggots,8
lifeforce,1
ggnoming,1
thinly,1
littered,1
exatly,1
glasses,14
skullcrushers,4
chesse,1
zealand,2
peeps,8
dining,2
retirement,2
bloom,1
rangers,3
necessary,10
reactions,7
faces,3
asserted,1
homlee,4
tropical,4
youe,1
overshareshares,1
squat,15
nike,2
blurays,1
counterspelled,1
hexstrap,2
phat,2
eternally,2
expo,2
growling,2
tough,6
imprinted,1
alluring,1
unteach,1
sweats,1
bodypart,1
clubs,2
caiman,1
tiletime,1
owner,4
pilfered,1
repent,1
freakest,1
cooking,24
usually,53
uncollared,1
cattail,1
kbitty,2
hhjfjgn,1
notoriously,1
kkkk,1
pyro,14
wooooh,1
lillāh,1
voted,3
launched,2
comrade,4
subtract,1
limitting,1
acceptingtransphobic,1
shiiit,2
loan,2
surreal,1
bulk,5
helpless,1
intention,2
minor,8
ooooohh,1
swooped,1
collapsing,3
𓁊,1
squirmer,1
tallwithabigass,2
huevo,1
tiger,36
organs,27
glare,1
kanatan,1
masscom,2
memories,7
perm,1
aaaawwwwnnn,1
lantern,1
coal,1
accesories,1
aimed,2
jokecompliment,1
shitshow,1
ggirls,1
emiya,6
kelly,1
catdead,1
vegan,9
serum,1
pair,17
goge,1
cosyyyyyy,1
decent,37
react,30
meeeee,8
predi,1
intwrest,1
peepim,1
rice,47
ddmm,2
beth,1
domesticaed,1
humanoids,1
hasan,1
differential,1
findings,1
hardkill,1
fished,1
addict,4
imnotcute,1
dimma,1
aaaawww,1
tying,1
platform,2
replace,12
kletuck,1
playdough,1
mraaww,1
nahhh,4
moshing,1
frustrated,2
floofmaxxing,1
jars,5
penits,2
compact,1
guys,90
rappers,1
armor,10
polite,4
china,5
burst,3
medicare,3
wallabi,1
smallish,1
swedes,2
grown,3
cats,20
cocker,1
tugs,1
chunk,4
gmogmrinin,1
sorely,1
yugioh,3
grabber,1
moltisanti,1
betrayal,1
envyyyyyy,1
shrink,1
overworking,1
copyright,1
tide,8
synergizes,1
stealer,2
elemaeoh,1
nevet,1
elon,6
thaw,1
abouts,1
xbox,9
loudly,7
yuuuuuh,1
mmmmmmm,4
costs,3
isitthatbad,1
teleport,1
anyday,1
adorb,1
sbajdbsi,1
youtubers,1
notice,20
boofing,3
sexhaver,1
consented,1
youngest,2
bolengase,1
logo,3
minimal,3
voice,43
blades,4
absorbed,1
batshittery,1
graph,2
hurtartsycrycow,1
blanket,13
tunes,1
exploding,2
zoid,2
psykers,6
kickass,1
recruit,3
comedically,1
rootbeer,1
aaaw,1
push,24
target,8
dekublush,1
desant,1
pronouncing,2
woobi,1
dickhead,12
pacifist,1
reincarnation,1
jasdhjrgargkje,1
citrusy,1
workstuff,1
consult,3
nngghhhh,1
balatro,10
printing,2
dippers,1
marines,5
scratched,1
infulence,2
ratjam,1
𓀦,1
base,10
tomgirl,1
diplota,1
yummies,1
pretrans,6
neurological,1
behemoth,1
carcharodons,1
scream,6
stir,1
drones,2
meesa,3
whaaat,1
fuel,11
gameinf,1
doggg,1
successful,4
sweatpants,1
mixture,3
panels,2
affectr,1
passport,1
openly,2
uncles,2
retard,16
lich,2
mountain,4
makeupand,1
pleaseplesaplepslsea,1
kilometers,1
frosting,1
income,1
eared,1
chosen,2
candle,1
flirty,2
bunnygirl,2
hugger,1
workedstill,1
unsee,3
permanent,9
load,18
elden,11
daoihdias,1
improv,2
comf,1
mild,1
extend,1
floury,1
failed,7
leadership,1
seasonal,1
buckets,1
waterboared,1
𓀰,1
hospitalized,1
clowngirl,1
dildo,11
completed,2
flusterin,1
carrot,4
dirty,16
obedient,3
sending,20
enthusiastic,1
offers,2
residency,3
busy,20
truthfull,1
destroying,1
mogs,1
portrati,1
geen,1
infiltrator,1
shoes,11
cardigans,2
hottie,7
admitted,2
demolish,3
dirt,8
lasers,3
socialized,1
naturally,4
callouses,1
candlesa,1
armored,1
wellll,1
toji,1
areas,5
misinformation,6
upvotes,1
temps,2
ragebaits,1
notifs,5
gloob,1
mentioned,22
leyley,1
gush,1
goodbye,2
curses,1
unprecedented,1
huritng,1
polecats,1
resto,3
critically,2
freebie,1
enough,256
conflict,5
quesadillas,1
beaks,1
anchors,1
relies,1
formal,1
involved,6
reinviting,1
decision,4
wwat,1
baiken,2
katanaswordart,1
instuments,1
feets,1
headphone,2
lmaoooo,3
farcille,1
fucj,2
broader,1
trunks,1
astonished,1
states,8
department,3
strongly,7
paininjury,1
panic,12
canberra,33
down,232
hunt,9
typos,1
stalkerish,1
unsure,5
midness,1
funeral,1
agreement,3
cashier,1
reggirl,2
ordinary,2
heartussy,1
wait,265
stirefry,1
yams,1
deity,2
mowmeowmeow,1
blankets,2
stripyum,4
yous,1
wallabies,1
hidrogen,1
rizzmas,1
terrrrrifying,1
meow,59
yorkieshitzu,2
ambo,1
thingc,1
brazilians,3
howl,1
juice,19
interested,32
specially,2
jork,4
fuckwit,1
nightreign,5
orders,6
urself,3
collar,27
girlboypettoy,1
imbalanced,1
amoung,1
alternate,3
lowering,1
psychgoon,1
shounen,1
flirting,40
unprofessional,1
misanthropy,1
greenaaredftredftredttredtwhitendarkpipdarkpip,1
ūlgnøk,1
tungeston,1
approached,1
goooooooooo,1
whenenver,1
broom,1
oops,22
sheeshus,1
bunnylove,3
copious,2
seconds,21
kicked,11
equipmentestrogen,1
brazillian,2
gayer,3
neias,1
trenchcoat,2
video,77
belladonna,1
growing,20
enbypostinf,1
preworkout,14
farcry,2
brotha,2
tame,2
mndbfj,1
painful,7
skillfully,1
theatres,1
concerned,8
phillipines,2
intentional,1
bodybuilding,2
coups,1
raisins,2
thailand,1
breezing,1
powers,7
daylight,3
eyeahhh,1
aether,1
campi,5
fujoshi,7
creators,1
himself,8
krussy,1
thisnis,2
poutlove,1
muscle,33
meows,1
pairs,1
seeds,2
hiiiiiiiiii,1
fuller,2
adjust,2
harm,2
blindfoled,1
bestest,2
whomegalol,1
imaginable,1
elipbite,1
follows,4
sirens,3
puppying,1
walkingere,1
burritos,3
pegging,1
competition,8
ggolly,1
interaction,2
cleric,7
privated,1
fetching,1
configuration,1
lightpip,1
nisgendered,1
dildos,3
hyena,1
strangling,1
ascended,2
pounds,2
intimate,1
sang,1
aight,31
stripcute,23
blames,1
herself,13
resign,1
enhance,1
okie,7
lifetime,3
nexus,1
courteous,1
territory,7
galls,1
problem,45
sily,2
dbsishsishssbia,1
begs,1
mundane,1
boyfriend,5
gunship,1
feet,48
shook,1
score,3
gghgghgh,1
cadena,1
nuzzle,1
flies,5
dhdhehhehdndhfj,1
memememememememememe,1
binaries,1
adaptor,1
nsjsbejjsjwjsjdbdartsyblushcow,1
spaget,1
batch,5
healin,1
bratty,5
carb,5
raphtalos,1
knee,11
conquered,1
mwhahahaha,3
outstanding,1
fiiiiiiix,1
bodies,3
mexico,1
eversoslightly,2
upsell,1
bwaaah,1
span,1
squishy,4
showing,19
hustle,1
transport,4
hyped,4
channeling,1
rework,1
shitpost,5
progressively,1
aĥhhhhhhh,1
defender,2
piling,1
gains,13
starting,35
wonderful,23
nogoon,1
captioned,1
moly,7
mares,1
jkjk,1
arfarfarf,1
burgers,3
edging,4
beds,3
yass,2
osaka,1
matches,4
shard,1
kick,11
misplaced,1
jiva,1
smlexu,1
commodore,2
register,4
huskies,1
westerns,1
forcemascing,2
fish,57
bully,26
anything,233
wahooo,3
milkless,1
competitor,1
gore,4
bene,2
abbies,1
cant,483
manly,1
blackjack,2
overshare,2
great,113
application,4
facts,20
shuts,1
banish,1
vader,1
circled,1
ashes,2
sellers,2
mamahuevos,1
blooming,1
detect,1
iirx,1
specialty,2
ciswoman,1
moreso,1
graphine,1
stripsip,3
wishes,6
baki,12
shawty,1
bedroom,3
possessions,1
quoter,1
inferno,1
nword,5
awooga,10
sesh,17
lover,4
gooooooo,5
between,71
entries,1
emblem,1
harem,2
furao,1
snuggling,1
officially,6
whyyyyyyyyyyyyyyyyyy,1
goooooooooooo,1
pond,2
found,126
goodluck,1
hnnng,1
comments,7
angewomon,1
thebayoudiplomat,1
shitton,1
heppy,1
blegh,6
getgo,1
masterful,1
micropenis,2
lamenters,2
formed,2
panties,1
shawarma,1
sugar,32
shots,11
licenses,3
licenissng,1
yuriiii,1
mahnwa,1
stiches,1
kitsune,1
leaks,5
yafeel,1
foot,20
loredropping,1
traced,2
bcatlicking,1
counted,3
adaption,2
timelinedimension,1
gimurin,1
woopsies,1
awakening,1
roofie,2
pray,1
lamborghini,1
flipping,2
masc,3
basede,1
afterall,1
brass,8
dward,1
debut,6
hazing,1
slavess,1
fragments,1
revitalized,1
boils,1
câlisse,1
court,4
skipped,8
pointy,2
fazbear,1
applicable,1
beware,2
sussy,1
definately,1
volcano,1
stunmagdump,1
touchable,1
strong,35
rooting,1
kitchen,15
hughiding,3
farcummer,2
odysseus,1
pilgrime,1
nachos,7
nauchi,1
hotfix,1
midday,1
coming,53
genre,2
toiled,1
wares,1
suit,13
frogs,8
accelerates,1
held,9
bananbna,1
replay,2
litres,2
woes,1
pong,2
supporters,2
avocado,1
carts,1
boldering,1
average,50
rigger,5
bottoming,2
pajera,1
reignited,1
burlap,1
actuallies,1
implies,1
ribbit,3
chuck,1
curvy,1
knockdown,1
petplay,2
bell,6
latex,1
slices,2
hdiwheidjelskjdbdartsyblushcow,1
cometh,1
messy,9
nzjjakendksjjs,1
kogaaya,1
shredder,1
phenargan,1
spinal,2
reunitted,1
spoilery,1
soulless,1
what,1308
contacts,4
transonic,2
mindset,6
faster,10
clip,12
eachother,8
yahuuuuuu,1
wontlet,1
ifixit,2
sucking,9
ilia,1
tavo,1
earbuds,2
charcoochie,1
fashioned,1
proxy,8
leash,3
mfkn,1
dyslexia,4
goodies,1
drunkards,1
scaring,1
dlcs,1
mauling,1
yolk,2
headed,5
bleed,2
swords,3
mary,1
tão,1
keen,3
ultracock,1
polyester,4
comedic,2
quad,2
horror,18
coating,1
sales,2
lasagna,6
recycling,4
babies,9
teef,1
participate,3
silent,9
dresden,1
fabius,1
weir,1
were,305
helped,17
sources,5
popped,7
threatened,3
readily,1
whooooag,1
centipede,1
pepperoni,2
legroom,1
piercing,5
subsidized,1
dime,3
honesty,1
secs,1
login,4
loosetwice,1
overboard,1
timeline,6
nnghgnghgh,1
hauve,1
skedaddle,1
dicey,1
lenny,1
marshall,1
nerve,4
antibiotics,4
overcomplicating,1
traumatise,2
fumbled,2
gamers,2
playing,100
initiative,1
outgrew,2
sawyer,2
rigging,1
thanks,96
policies,2
thed,1
slang,1
thigh,14
xbdbdh,1
squares,1
sayd,1
diviner,1
sensor,6
imaginary,1
snao,1
hughide,3
moisturiser,1
disturbed,1
better,294
ejfhabdbabs,1
detransition,1
archetypes,1
whatever,47
blend,3
downpour,1
overdo,2
badie,2
haven,1
jackpot,2
laggan,16
smelling,4
skittle,1
sping,1
dozens,1
rushing,1
whose,4
durable,3
makeer,1
jjvbjwbffw,1
heatwave,2
kesu,1
flashbang,1
backed,3
partnis,1
gyos,1
animes,9
limited,5
lily,3
kist,1
simp,7
bigcat,1
treachery,2
hermano,1
eren,1
mashallah,4
hugboxers,1
brosplits,1
hoby,1
daughter,6
srimp,1
yeahyeah,1
helloooo,1
incite,1
coldtiriwingl,1
wanan,1
cache,2
brainstuff,1
anot,1
polycules,1
pepeshakeeyes,2
marufiteme,1
position,10
teardown,1
allcommands,1
folding,1
goooooooob,1
fuckrd,1
cert,4
borrowing,2
disneyland,1
harpoon,1
hose,2
eariler,1
bizarre,1
coulda,5
undead,7
literate,1
cheating,4
gnomed,1
ehhhh,2
somehow,18
spook,1
literacy,1
okay,327
mischievous,1
gulp,2
reaching,1
swuare,1
tarkus,2
blade,6
african,4
fuck,916
eroge,1
harry,4
access,27
considerably,4
olympics,2
preview,2
screentime,1
starved,2
majima,5
counterpart,1
crying,17
sooo,6
anise,1
attempt,10
panty,4
pantheon,2
relation,1
abused,1
hmmmmmmmm,2
hsts,1
xake,1
intail,1
reptile,3
psychiatrist,2
airbags,1
gerudo,1
energised,1
peasy,1
skys,1
lockheed,1
santas,1
instinctively,2
hollywood,3
esle,1
humbled,2
pleasedo,1
asmr,2
root,13
much,546
winters,1
impractical,1
rapsody,1
tool,4
libs,4
anywayanyway,1
visa,14
someplace,1
warthunder,2
costumes,2
romantic,11
putty,2
doing,267
krisms,1
femnms,1
gumption,1
fren,2
closer,19
crossdress,2
hatred,3
calyspod,1
third,16
spinning,3
uptimes,1
fraggy,1
located,1
dart,3
speed,17
incel,2
september,2
sentence,7
redying,1
tapes,1
sicentist,1
takes,37
poker,2
wokuld,1
prepping,2
warframe,33
zazza,2
telstra,4
vohiyo,1
murdered,3
eager,3
midwest,1
wayyyy,3
forcefems,1
smurf,1
transitioned,2
usualy,1
petring,1
swapped,1
rizzed,2
introduced,3
attempts,1
angelpup,1
void,5
megazords,1
temp,8
weapon,13
kendick,1
gago,1
caesars,1
royalty,2
buuuut,6
tiredlove,1
interesting,80
darktide,90
hewwwwwwwo,1
circles,4
juist,1
sabers,1
blouse,2
printed,3
busted,1
chonky,1
unlocked,8
yeesh,2
transfems,4
know,800
disrespected,1
bwahaha,8
obama,1
subservient,2
gurl,4
callay,1
gohan,1
atmosphere,1
bump,2
unkeyboardsmashy,1
bish,3
plugin,2
arthur,6
phantom,3
unbelievably,2
geekfest,1
slandr,1
leagues,1
spanked,1
fucking,559
abusing,1
profound,1
outsider,1
sweetest,1
omuch,1
monstrous,3
jerking,1
desires,2
agent,1
plantera,4
pressmytaintagainstsomeoneelsestaintaffectionately,1
sana,5
offer,27
deliveries,1
trench,3
yahoo,6
lmfao,131
message,36
dollop,1
brew,1
ramismooch,1
hando,1
like,2690
genji,1
preying,1
overly,1
jimpreg,1
observant,1
hellllllllll,1
hourly,1
heightmogging,1
inputing,1
obese,3
blinkhuh,1
rightg,1
smarter,3
exchanged,1
guests,1
snate,1
speakers,5
protag,3
industrial,1
personallity,1
trains,6
shyblushycursed,2
tagged,4
hideo,4
boref,1
accenting,1
humina,6
yeeeeeeeeeeeeeeeeeeeeeeeeeeeeah,1
historical,2
worst,32
awwwww,5
microdosing,1
shutdown,1
doin,10
weee,1
check,48
newcomers,2
baaybeee,1
arrays,1
hound,1
unwelcome,1
gyaaaatt,1
watt,3
neather,1
escapes,1
minorities,1
antisemitic,1
tarkov,3
norse,1
greatsword,1
hitsujigoods,1
invited,5
kayr,2
bint,1
pulls,5
mech,4
belts,1
dodged,1
though,232
good,1368
lmaoo,6
looses,1
roomtempiq,4
eggplant,1
rayearth,1
cuteeeee,1
heres,26
eepers,2
failgirl,2
funkin,1
grounds,1
government,22
hunger,2
deluded,2
spend,27
gunr,1
technically,44
brainrotted,3
language,29
pitchshifting,1
moosles,1
tings,1
stealth,5
bige,1
bloon,1
demondice,1
appeal,8
disowned,1
copypaste,2
tomar,1
invincible,3
limit,11
pouring,1
mmmmmm,15
assume,19
undergo,1
lige,1
arrowhead,1
doubloons,1
barb,1
tism,9
nuttos,1
whatev,1
envyyyyy,1
mushy,3
activist,2
babylon,1
acid,7
mummie,1
gmorminin,1
experienced,6
scrapes,1
introduce,2
washed,5
intended,5
chug,10
blitzed,1
bonking,1
oscar,2
meanyou,1
bullets,1
disemboweled,1
pogchamp,1
honlee,1
waterrrr,1
swamp,9
cabelo,1
gods,44
whales,1
alteration,1
gated,2
plenty,6
ucant,1
fridayyyy,1
terrorist,1
therell,5
ultramarines,2
standard,14
underwear,8
tempted,10
socially,1
titties,16
extender,3
rejection,1
disassembly,1
enjoy,32
modes,3
dilemma,1
wore,8
boxes,7
dancing,5
difficulty,4
hopefully,33
documentary,1
hash,1
warmup,3
raths,2
primitive,1
rats,15
hits,20
attractively,1
comparing,6
irlrp,1
bite,42
kneecaps,3
anythings,1
ships,6
knotting,1
straws,4
ravaging,1
moooon,1
pusheen,1
calcium,1
katie,40
apologise,4
litte,1
lenses,1
deliver,5
adding,17
mudkip,1
ramiiiiii,1
talloomia,1
gatekeeping,1
bluesky,2
necrozma,2
shares,2
tofu,1
finalized,1
guyrot,1
aregoooooood,1
kaiji,1
screentome,1
rocket,2
cutest,1
wolves,1
traumarelated,1
reminderpup,2
pressing,4
hahah,3
noon,1
existing,2
theoretically,3
cute,508
bearings,1
deshpite,1
topnotch,1
whaaaaat,1
wrecked,1
month,40
multiple,24
registry,1
scars,5
medium,5
blaires,1
agin,2
ashe,1
winniing,1
goku,6
suuuuuuure,1
whacky,5
waifu,2
respond,8
galom,1
diluted,2
nana,5
personality,23
framed,2
adore,3
vmirai,1
devestator,1
slag,1
latest,42
thousand,6
wronf,1
giantesses,1
recruiters,1
smidgen,1
hngngngnh,1
beach,2
optimization,2
aroused,1
hhaaii,1
cuuuute,3
crepes,1
screamed,2
always,237
edgehog,1
asshole,4
wruff,5
liquid,8
medieval,4
auditioned,1
mmruurmm,1
hornyposting,2
hypothetically,1
bits,7
drawings,4
mwhahahahha,1
boluda,1
gmormgnin,1
endlessly,1
matrix,1
brhind,1
protocols,1
transfobia,1
glory,4
sweets,1
callooh,1
asphalt,1
kith,5
dads,6
jokes,14
chroot,1
metamorphosis,1
kangaroos,1
bulls,1
absusbusvasu,1
kyuranger,1
vatican,2
recommend,24
techdecks,1
inputting,1
naval,2
place,81
wrestling,2
interpreted,1
unintentially,1
forum,1
custody,1
chromosome,1
involving,1
mesh,1
reeeaaal,1
salute,5
intermittently,1
dowg,2
mayo,4
spock,1
reality,11
expect,23
bedrock,1
praying,1
sight,4
felinid,2
edit,9
unhyped,1
ends,14
replaced,2
adversity,1
curl,10
spanish,31
goons,11
stored,2
situations,3
prereq,1
whooaaagagagoaagaaah,1
npass,1
liters,6
sums,3
pickle,7
𓀼,1
dimensions,1
travelling,1
beleeeeev,1
inequality,1
bohrok,2
tired,55
frontfacing,1
ashfhfjfj,1
jerkin,1
exhausting,1
killin,1
trannies,4
lacking,3
wicked,1
yayay,1
patting,2
christ,28
most,258
pokemons,15
villian,3
suicide,10
rarwr,1
gayderogatory,1
ripe,1
lows,1
suffocate,1
salutes,3
tournament,7
redirect,1
highheels,2
salesforce,2
customers,6
descend,1
applied,8
loke,1
blankie,2
awkwardmaxxing,1
grabbed,4
redacted,8
montage,1
light,49
childish,2
neia,1
xgene,1
github,1
tanktop,2
loses,1
rulers,1
vote,11
absurs,1
stephs,10
lesgooo,1
cause,377
said,246
tyler,3
weighed,1
accused,1
somethn,1
warfags,1
finnnneeee,1
nonchalant,2
nascar,1
wallpaper,3
shing,1
replying,2
doug,1
shaved,2
bricky,4
convenience,1
gurls,1
intensed,1
sicko,2
promordial,1
softcover,1
actuallt,1
patience,1
stfu,4
throatsing,1
evade,1
filipines,1
maguire,1
pattable,1
sequence,1
setup,16
frizzle,1
anya,8
therapy,17
clipped,1
cruble,1
asset,3
razor,12
veiled,1
rajang,1
articulated,1
zipper,3
nippled,1
clit,1
yaaa,1
messagent,1
mousesquirrel,1
halimede,2
paradoxical,2
cowboys,2
marrying,1
doggo,4
withhh,1
spoofer,1
frozen,1
agreeable,3
catears,4
speedtest,2
referring,8
shsidhsisvixhdiwbs,1
weakass,1
goal,23
requirement,5
dealbreaker,1
footjob,1
generated,2
enable,2
spicy,14
channel,38
combination,4
spark,1
hentais,1
rarwoiarwa,1
wormin,1
myth,6
motorbikes,1
thingggg,1
hotter,4
particular,4
okkiee,2
preserve,1
hannibal,1
trade,6
crit,2
playstyle,1
peak,75
punches,2
pregnamant,1
shmooving,1
blows,3
tidder,1
responsive,2
publishers,1
specified,2
steamapps,1
celeste,1
ginormous,2
wagon,1
restarting,2
leverage,1
vander,1
merge,1
plummeting,1
oxygen,1
undertand,1
upgrade,13
sheeeeeeeeeesh,1
answering,1
flayer,1
cuck,16
whoooaaa,1
morningggg,1
forfeit,3
stores,2
dissipation,1
university,3
tomr,1
lasaagnaaaaa,1
spinebill,1
seshs,1
enormous,2
suisei,1
wokely,1
reroll,1
gatorscrocs,1
erector,3
mightiness,1
theu,1
scanlations,2
unbolt,1
therein,1
haaland,2
breeding,2
weej,1
ridden,1
mwaaaaaah,1
blinking,1
riiiip,3
claiming,1
advanced,4
goodtoy,1
constant,9
sudden,6
vertex,1
thattt,1
performers,1
recreationally,1
cities,1
sexes,1
chilling,8
written,8
decline,1
participants,1
pups,4
asdfghjkl,1
ptbr,1
scardy,1
desktop,7
controversy,2
yessur,1
mailbox,1
pussy,33
marries,2
releases,1
faves,2
headedness,1
demonstrably,1
googled,2
pitcher,1
sanest,1
scrawny,1
ureshii,2
gingers,1
nutual,1
embarrased,1
listen,41
dummy,8
creatine,2
cuuuuuuuuttttteeeeee,1
wrapped,3
scrap,1
horsegirl,1
walk,42
shiiiiid,1
couldve,4
hungie,1
tier,13
laganns,1
corrector,1
unatral,1
pipeline,9
boludo,1
multivitamin,1
husband,3
switchie,1
admiral,1
aesthetic,10
sheep,3
trauma,15
rest,79
witchcraft,1
bwuhhhhhh,1
unnoticable,1
strays,2
interect,1
expensive,28
harmed,1
addschedule,2
unbearable,2
internet,33
california,1
chipping,2
lasag,1
rubbable,1
rune,1
traumas,1
doxxing,1
genes,3
polyamoury,1
honesylt,1
fuckboy,1
yayyyyyyyyyy,2
jkrs,1
qwejkhwfkjhkdjhgkdgkhjk,1
bzztsh,1
daaaaamn,2
campfire,1
stairs,11
ruined,5
𓀡,1
looool,8
queens,3
items,6
resident,2
parameters,1
laying,8
awkward,9
buildup,1
existence,3
forgo,2
formative,1
playerw,1
aphrodite,3
sloths,1
sigmoidoscopy,1
alisa,1
turrets,1
caffeien,1
launch,3
that,3681
gimme,14
nananaaa,1
pepper,5
geoscience,2
ranting,1
interviews,3
chilean,1
dominant,2
mmmffmmfmfmfgg,1
pulp,2
alread,1
newest,2
aussies,5
killstar,1
mythical,1
till,70
cutie,66
parmesean,2
broly,3
jucier,1
landed,2
tenkai,1
androgens,1
fags,18
manslaughter,1
shes,216
hunter,22
represent,2
yearns,1
jobless,2
girlpreggers,2
computers,3
wild,29
today,200
bait,4
trap,7
snazzy,1
settling,1
registration,1
stripfufu,2
porrakrl,1
offical,2
turbine,1
lune,1
sonys,1
every,153
clearly,20
pikachu,1
trinna,1
ashiicry,2
climbing,13
circulation,2
fuckton,3
webcomic,2
cosplays,2
suddenly,2
brainwash,1
ashamed,5
shiiidd,2
gomez,1
juggles,1
thin,12
sneakin,1
scouts,2
sides,9
sand,6
babbled,1
cosplay,13
pocky,1
artificer,1
angron,3
packing,1
alchoholic,1
dosha,2
yesirrrr,1
childrens,1
hips,14
dogfish,1
dread,1
mascs,1
sheezus,2
buff,8
durability,1
recalibrate,1
charizard,2
blushycheeks,1
shaking,2
laziness,2
partner,22
twitter,58
sweated,2
gummy,4
processed,1
bottles,8
vocabulary,4
expense,1
aura,17
choking,7
overlord,6
gnocci,1
yuuuhhhh,1
reimburse,2
extras,2
uncultured,2
being,439
angle,9
darktiders,1
shaver,3
truck,15
fuckign,1
guessed,3
bargin,1
toilet,11
controled,1
glute,10
gamblers,1
intercept,1
downgrade,1
spoiler,8
gloves,12
kindafake,1
nooottttt,1
vibes,19
cosplayy,1
burning,12
intertwined,2
worshiper,1
wacky,3
cyan,5
bathroom,18
prefer,32
θδ,4
writting,2
khantras,3
nago,2
citizenship,1
tribute,2
revenge,2
fella,15
cookings,1
bios,3
hmmm,15
caseoh,2
norge,1
warrior,286
children,21
korone,1
parrying,1
relight,1
fight,61
nymphomaniac,1
biting,4
shit,795
spoke,3
handling,4
looknig,1
malfunction,1
flood,6
msgs,4
haave,1
rama,1
lick,19
barker,1
norms,1
humanoid,6
meabs,1
liberate,2
lineart,1
yamato,1
imitation,2
spins,1
uniform,6
schlorp,1
dealing,10
hemovore,1
resume,1
lasercannon,1
siblings,1
conjecture,1
fellatio,3
grades,1
breastplate,1
soreness,2
carrying,9
katies,1
coscto,1
lukewarm,2
glanced,1
biology,3
forced,19
momentos,1
lols,1
grail,5
uwup,1
femboy,70
micro,2
inflicted,1
whoaaaa,2
haooy,1
vending,1
lace,1
moments,6
carries,2
nods,14
clashes,1
skrunkled,1
grats,1
clues,1
fail,3
sack,2
spider,10
autist,2
dataset,1
shooter,1
weaker,2
prepare,5
marges,1
nerd,35
spitting,2
𓀳,1
pregnant,9
sorry,275
swear,26
flroida,1
ourself,1
eaty,1
gullies,1
adachi,1
lose,38
murin,2
persevere,1
worlds,14
looked,53
smols,1
backspace,1
smoothie,2
girlll,1
overthrow,2
online,20
ranks,2
european,7
crash,11
hejkgf,1
laughter,2
dove,1
winger,1
decisions,3
prosper,1
brahmma,1
whitey,2
brought,15
skunt,3
techy,1
wakers,1
devils,4
mording,1
bossing,1
ineedtoscratchmyladyjewelsnutsbutialreadyputonpants,1
preload,1
embeded,1
advancements,1
ptsd,3
shifts,2
universes,1
jessiegender,1
serves,4
lusted,2
merchantman,1
admits,2
malaysian,1
sharin,1
bduckno,1
lgbt,8
topical,2
angryannoyed,1
cutely,1
modified,2
moogly,2
filipinos,4
traffic,2
explicitly,1
bodyarm,1
genetic,2
tilt,1
hardly,3
overstim,2
brown,11
shutuppp,1
misspell,1
tour,1
rested,2
offshore,1
motherfucker,7
butts,2
mentally,12
borderline,4
dsfmw,1
booper,1
listening,36
rejects,1
pierced,3
girlkissers,1
timestamp,1
bookstore,1
elliotts,2
mapple,1
wakey,2
neverw,1
signal,1
bottlr,1
toby,1
stimulate,1
raven,3
peeking,1
sexyman,1
expectance,1
pluraity,1
nissan,1
shitlol,1
headcannon,2
chylamydia,1
museum,2
noun,1
tongue,20
dunked,1
inhale,2
nanimono,1
beforeafter,1
gghhgggghhhgg,1
succ,1
preferable,1
jover,1
bottomest,2
constructicons,1
gray,8
hooks,3
actual,58
cortar,1
𓁋,1
quick,33
eminem,1
buying,31
cellocblush,2
dismissed,2
cages,3
tacticool,1
maquina,1
woops,2
diversity,2
keels,1
dish,9
iwll,1
ajkhfkdshf,1
embarrassed,3
jcparty,10
migraines,1
boooo,1
nerofin,1
airport,2
opiod,1
rediscovering,1
groggy,1
flap,5
fiiiine,1
whatll,3
portugal,7
papers,2
underwater,2
companion,1
lotus,6
badass,2
doorframes,1
humiliation,2
sharing,10
drugs,12
cheers,6
jabberwock,4
replies,3
doritos,3
realist,1
textures,2
arnt,5
jablo,1
hiiiiiiii,2
youd,78
mythic,1
geist,2
apex,3
variable,4
souls,14
suuure,1
molded,1
instruction,2
ally,6
duel,2
borogoves,2
mindtomuscle,1
builders,2
pinpoint,2
restaurants,6
jocks,1
mome,2
needneedneedneedneed,1
story,49
stressing,1
vuitton,1
called,141
told,78
lightheaded,2
expert,5
unlucky,6
benches,1
monfri,1
booth,2
havin,2
keymashing,1
ovas,1
protagonists,1
zoomies,2
horseshoe,3
moaning,4
gene,1
saruman,1
heightmog,1
timeeeeeeeeeee,1
viels,2
mercury,1
realzesz,1
uhhhhhh,1
cigarette,2
colect,1
healed,3
translations,1
lurker,1
refuse,14
potential,8
yeeaaah,2
spacy,1
fansly,2
headpatts,1
peepees,1
stacking,1
debuff,1
modding,1
tihs,1
mike,2
winning,6
salami,1
gnocchi,1
baron,2
roughly,1
nissans,1
felony,2
sober,1
cheesecake,3
upvote,3
male,18
gators,2
thattiriwingl,1
cringey,2
strategic,2
different,98
recaf,1
bagel,10
mooooooood,1
participation,1
hubris,2
logging,1
ooooooh,1
neeeeever,1
paintscheme,1
exceptionally,2
tyrranny,1
toast,7
waifus,3
psykee,1
replayed,1
taught,4
mons,1
lame,1
printer,11
meanest,1
daaamn,2
dune,23
mcbride,1
terrain,1
euro,3
whoaahag,1
jiggles,1
reenactment,1
climbingqts,1
structure,6
apps,4
ohnoooooo,1
punched,1
answers,7
kefla,10
fast,35
henlo,5
bella,2
lorge,1
technology,2
micmk,1
opens,5
shant,1
esex,1
stonewall,1
sunshine,7
unprompted,1
pullups,5
herbs,1
havwnt,1
gremlin,4
shocker,1
incident,3
womb,15
shenanigans,2
fullbody,2
ooof,1
unreasonable,1
calma,1
ledges,1
latinaaa,1
psot,2
retransition,2
laest,1
flirted,3
expell,1
remastered,1
sluttery,1
choreography,1
genny,10
lettuce,3
single,37
masturbate,1
plat,2
injection,2
dungeons,2
afaries,1
calculative,1
helping,12
patreon,2
rechargable,1
deck,9
behaviour,4
goood,4
controlled,6
lemme,20
measures,1
lucario,2
muhreens,3
nergi,3
tile,1
subbed,1
postive,2
bicker,1
apron,1
gatekeep,5
bosss,1
galego,1
unspeakable,2
fett,1
succubus,4
credit,5
ohmahgah,1
presenting,5
frieza,4
still,431
favours,1
whhahahaha,1
addition,1
deliciouis,1
longest,6
shout,3
curriculum,1
define,3
benchmark,3
sticking,2
inmind,1
wouuld,1
despise,11
uranium,3
helldivers,4
shsushsus,1
fundamentals,1
stayung,1
letter,7
budding,1
object,4
mayhaps,2
macarons,2
commited,1
indulgence,2
mdma,1
gynocomastia,2
nexk,1
coated,1
vape,3
behavior,5
never,274
lazer,1
leyrcwag,8
rearranged,1
sleepie,3
calli,2
aang,1
nutted,2
arceceus,1
comission,1
purgatory,1
elses,2
whooooaaaaaa,1
ddlkansdkldaskolasojdasoj,1
fuckinnnn,1
pixiv,1
bogans,1
mult,2
lotd,1
hadnt,2
nazis,4
leather,6
deltoid,1
heresy,10
mattered,1
compress,1
possibility,1
dumbfuck,1
maked,1
happily,3
occurnce,1
writing,25
toad,1
jacking,3
clears,1
legality,1
marry,12
surfing,1
sakuras,1
crescent,1
planes,2
voter,1
alrighty,1
homicide,1
ohno,1
sold,10
trucker,1
flashed,1
jewish,11
cheese,40
funnier,11
before,240
threads,3
boops,2
taller,17
whooooooooooooooooooooooooo,1
ohhhhhh,4
league,41
trouble,14
website,14
chain,15
resolve,2
chases,2
sensative,1
downside,3
lilgirldicky,1
decency,1
surely,3
renders,2
examplar,1
juicer,1
froggie,27
meeyahbeeee,1
recover,6
chainmail,1
pheromone,1
familiar,17
intellectual,1
duplication,1
shuttlecock,3
attach,2
lesbos,4
beliefs,2
racits,1
wifi,6
sowwy,3
iloveyousomuch,1
vyvanse,3
semen,2
yayayaya,1
bitches,50
biiiiitch,1
buzzed,2
requested,1
implementing,2
slams,2
eldtrich,1
blah,4
trait,1
todayy,1
dodgers,2
square,4
ellaaaaaaa,3
slight,2
allegedly,3
apes,1
esexed,1
touch,25
intro,3
deadliftsquat,1
dudes,9
minceraft,1
nuuu,3
vanilla,3
gonma,1
forcefem,16
continous,1
noooooooooo,1
joelmoorzajr,13
broh,1
door,16
toward,2
centimeters,2
forgib,1
cancelled,4
grayson,5
longe,1
dyeing,1
comas,1
someeeee,1
transfer,4
drills,1
reynas,1
capperonies,1
ifnore,1
turly,1
latter,2
hump,2
hongery,2
𓀸,1
mmmmyes,1
younder,1
memeing,1
wake,36
sephora,2
discovers,1
quest,9
titular,1
whichs,2
havent,131
niiiice,1
oaagghegg,1
drwaing,2
workout,60
ahsvehf,1
whenever,17
ongoing,1
bootstrapped,1
calendar,1
outcome,2
wanting,21
dissasociative,1
hospitalised,1
gotcha,10
aniversary,1
explode,13
thoughhhh,1
otherwise,38
hmmmlet,1
frumious,1
blaire,2
lollypops,1
readjust,1
amvs,1
accessing,1
kirin,1
call,196
daaaaang,2
atummy,1
sweater,5
hardware,7
nicer,2
𓀣,2
nahh,1
bearing,3
realization,2
talks,10
makenone,1
wifeinlaw,1
neurotypical,1
deeply,5
goldship,1
handles,3
tooooo,3
tshirt,4
psyche,3
rescinded,1
arthritis,3
diminishes,1
camry,4
robokiss,1
dient,2
shocked,3
species,5
business,15
loophole,2
boxer,2
continues,4
juse,1
worms,16
charitable,1
politics,3
hhffbbdbg,1
𓀈,1
ashiihi,1
knit,1
sinful,1
luckyyyyy,1
rorona,1
planning,15
javascript,3
studying,2
roasts,1
countries,11
sniffles,1
sometime,13
alsozionaalove,1
suggests,2
look,356
pinafore,2
cartoonish,1
bocchi,3
remote,4
hisssssss,1
lmaooooooooooooooo,1
snuggled,1
stand,24
riot,6
kamina,3
maintaining,3
reset,5
beeeeee,1
onboarding,1
reup,3
maneuver,1
treasury,1
perhaps,18
inability,1
seek,1
objective,7
billed,1
smart,11
umbreon,1
isometric,1
manwife,1
whiff,1
bankruptcy,1
ehhh,1
sausage,4
sluts,6
forbided,1
uuuup,2
seasoned,1
blank,2
chikiiin,1
councils,2
teleportation,1
experimenting,2
frühstück,1
pica,4
choke,9
burguer,1
recovers,1
theme,2
vetoed,1
knower,1
yeaaaah,2
depths,3
clubsport,1
orrr,3
kylar,1
excuse,13
self,40
tams,2
pertorabu,1
chives,2
emoji,9
professionally,2
yeha,3
slapping,4
domain,3
numerous,1
winds,2
autin,1
macross,2
dicks,7
increased,3
indonesia,6
common,10
plateau,2
sataen,1
timings,1
dipped,1
shio,1
cinco,1
gayme,2
teleporting,1
combos,2
yandu,1
hungwey,1
piercings,3
nngghhh,1
raincoats,2
𓀔,1
luuuuuck,3
poking,1
tieing,1
poop,3
frys,1
wikipedia,2
designation,1
staring,5
premis,1
libidos,1
bing,3
shirt,42
deleted,10
rougelite,1
haikyu,2
oranges,2
begone,1
making,133
consentfully,1
meatballs,1
starbucks,1
megazord,3
alien,6
pass,40
aighht,1
sorairo,1
silence,5
definition,7
alpha,1
agency,4
disorder,5
animoo,1
cuffs,1
paying,17
girlheadpatlumi,1
murcielago,1
cuteeeeeeeee,1
sickens,1
sucked,7
reaxtions,1
grippenacht,3
jenifers,1
hgffjfkghd,1
poopcock,1
bone,17
brat,8
fran,1
yummmbie,1
doll,9
wasnt,101
comforting,1
insist,2
venomous,2
davinci,2
expensice,1
companies,4
rollbacks,1
certifications,1
jurassic,1
sociable,1
wooooooooooooooooooooooooooooooooooooooooooooooooooooooooooooooooooooooooooooh,1
viewers,2
ayase,1
birch,1
negotiated,1
𓀇,1
googling,2
instance,4
tricky,3
losser,1
anthem,3
bimbofication,1
directx,1
bushwalk,1
brained,6
environments,1
chandon,1
fuckjng,1
firsted,1
critiquing,1
skyrocketed,1
edgelord,1
aaggggh,1
eeey,1
oncest,1
pelican,1
fics,1
telescopes,1
sinners,2
gamesir,1
relying,1
pronoun,5
harvesting,1
claws,1
exhibitionist,1
satan,1
prison,5
shafts,1
tiktok,3
magic,27
speedwagon,5
dolls,3
kwjdjajhs,1
pain,64
yesplease,2
lasanga,2
southcentral,1
nonpartner,1
kokichi,1
neighbors,1
pysche,1
sworn,1
ogey,6
stockpot,1
nothin,2
treatment,8
infucking,1
tyyyy,3
odds,2
abbrams,1
likelihood,2
supras,1
obituary,2
rosella,1
hopd,1
puttting,1
nswf,1
wrinkle,1
tall,32
thermals,5
oblivon,1
sorryglad,1
toll,1
quotas,2
krispy,2
lightsaber,4
balala,1
instructed,2
hahahahahah,1
comit,1
macros,6
control,26
csmangelshrug,1
gathered,1
gooder,1
eazy,1
organisation,3
luuuuck,2
kojima,4
cantrip,1
acquire,1
compilating,1
congrtats,1
mochiblankierun,1
cuckholdry,1
vtubing,2
curaed,1
brownies,4
dammmmmmit,1
irrational,1
cannibals,1
consumer,1
turtleeeee,1
marvel,2
nfsw,1
hacked,6
slicers,1
clinicians,1
joined,130
hmmmmm,5
drugged,1
exercise,17
fraction,3
clapping,1
gamieng,1
lapras,1
bajing,1
guillotine,5
twisted,3
sheets,10
modpack,5
warlord,1
talented,2
sunner,1
resonating,1
astonomy,1
ultraperformance,1
talk,108
scan,5
audhd,1
straightly,1
bwegh,1
funny,222
flowers,4
audibly,5
sulphuric,1
benefit,6
spin,7
thumbnails,2
fidget,2
post,107
lifes,2
advocate,2
mongol,1
materiel,1
transactions,1
gexpo,1
safeties,1
divorce,1
whacked,1
genshin,1
curled,8
shrunk,2
spec,2
biggie,6
oneway,1
channels,4
caught,19
inconsistency,1
whispered,2
fuckgo,1
infinte,1
marked,2
staing,1
amin,1
shooters,2
damnnnn,2
nuuuuuuuu,1
holding,24
converted,1
wooooooooooooooooooooooooooh,1
yours,19
overpowering,2
lats,9
fury,3
thickener,5
eeping,1
heuejfnfndjj,1
crab,11
electrolytes,1
constriction,1
androidtrans,1
petpetpetpet,1
haiiiiii,2
uuuuu,1
longs,1
hughsh,1
blaring,1
omelette,1
dump,7
sunny,5
avril,1
thundergod,1
infect,2
stardew,2
blunder,1
mains,4
prprospecting,1
caused,3
comittees,1
affogato,1
dankies,1
shitters,2
abababa,1
potion,2
transplant,1
enegry,2
nose,10
chopper,2
overheats,1
thunder,8
millions,1
aaaaaaajdfkhsfkg,1
charity,1
larynx,1
payed,4
cherries,1
magikarpusedfly,1
woof,14
anxious,2
horrors,1
tbings,1
porous,1
bbno,4
mechanicus,3
sobs,2
killed,20
frontend,1
holyfuckingshit,2
upnwhen,1
replacements,1
nodders,6
boyz,2
honorary,1
champagne,3
glados,1
hills,2
posting,19
shown,10
yummmy,1
serpentine,1
analogue,1
eastern,3
hawk,4
whoahter,1
standardish,1
boom,8
wanted,81
kitkats,1
screening,1
frowge,26
papa,2
settle,6
freaked,2
trustable,2
straps,6
gawdamn,1
berlin,1
universal,3
lizziee,1
praising,3
printers,1
zfive,1
tanktops,1
championship,2
beefing,1
squeeesh,1
lagann,13
sorts,4
rush,6
mewheart,21
oohh,2
flair,1
feels,80
neeeeeeeeeeeeeeeeeeeeeeeeeeeeeed,1
aleep,1
ankles,2
stier,1
example,15
marginally,1
armed,1
seasoning,2
ayame,1
xero,1
repair,2
elequence,1
scoliosis,6
cimbat,1
equipment,4
censorship,1
perms,2
interpersonaly,1
tickle,1
slip,5
strangle,2
fastfood,1
lumidabs,12
script,2
wouldve,5
stressed,3
flattering,1
resisting,2
trans,207
booty,14
dutch,5
agrees,3
employee,4
deflect,1
todd,1
kiwi,1
multiplayers,1
krita,1
greeting,2
cryinggrill,1
fuckface,1
finale,1
gorning,1
whomnst,1
adsgj,1
betten,1
scarred,1
haunt,3
scarring,2
auntie,2
honestly,201
golden,23
defeats,1
raspberry,3
comet,1
although,15
husk,1
slapstick,2
𓀒,1
agghh,1
listed,1
hull,1
theeeen,1
temu,1
product,5
unfair,4
chomping,1
floating,4
timezones,7
universe,11
preferably,2
romance,12
beamish,1
censored,9
kronii,1
somthn,1
color,16
aspen,4
crawl,1
gooch,1
replied,3
proving,1
runs,16
passionate,3
yeaaah,1
harms,2
slays,1
bulking,2
haikubot,41
emotes,5
professionals,2
split,10
bloodwork,4
phreak,2
tray,1
technical,6
jolted,1
thesis,2
radish,1
tard,2
sailors,1
supermarket,3
retardedry,1
dtying,1
proportional,2
snitches,1
possibly,14
tabarnak,1
swaxe,1
twittwer,1
sundayyy,1
album,3
shenron,1
jaywalks,1
changed,30
português,1
allie,1
jacket,11
quirkier,1
omelettes,1
femboys,59
lousy,1
tumbie,1
maid,15
crisp,1
classifications,1
queensland,5
gasp,1
jesuschrist,1
pervertion,1
coladas,1
teddy,1
shading,6
gorkanauts,1
clumsinesstwitches,1
coherant,1
favourite,40
typed,4
spongebob,4
parks,3
withdrawals,1
playthings,2
degen,2
edged,2
layer,3
breastie,13
lord,50
andor,7
yeeaah,1
tyraniatargrodon,1
saphic,1
orikan,1
honkin,1
boxers,1
bhops,2
projection,2
filters,1
butches,1
date,46
neat,28
restrict,2
mainstrean,1
reporpused,1
screenie,1
panda,3
combs,1
chaning,1
ohhh,26
banana,21
maestro,2
mqke,1
design,24
despair,1
tesseract,1
charlie,8
filter,22
knights,2
core,30
hurts,28
itself,24
hangs,2
refrances,1
apology,2
shitass,4
chrimsas,3
dealers,2
inhad,1
yeeaaahhh,1
livestream,1
baskets,1
boysss,1
spinoff,3
soviet,2
improving,2
author,2
showers,2
reeeeee,4
scented,2
domino,6
meowster,1
owpaoidjsopjsaodphasjdihsdoipshdsaiohdpoiasd,1
navigator,2
whwts,1
maskies,1
thry,1
senses,2
insufferable,5
detonate,1
past,47
communities,5
deagle,1
fear,21
sunomono,1
hops,1
genodu,1
ranch,1
shutout,1
rinse,1
guzman,4
jodeki,2
spidey,1
diaper,2
dabbed,1
sorayaaaaa,1
indians,1
gocks,1
bypassable,1
imagine,66
leaning,10
yeaaaaaaaaaaaaaaah,1
breakups,1
aeronatutica,1
sequitur,1
fame,2
harvested,1
hnngnngngg,1
john,3
kyogre,5
powerwalked,1
wigs,1
questions,12
string,3
ethic,1
oreo,2
lash,2
actualy,4
debuffs,1
droolfang,1
outshined,1
transmed,2
family,43
noiceee,1
workers,6
haderach,1
anticheats,1
cajun,1
philosopher,2
tale,2
burned,2
jank,1
longer,30
step,18
nooo,23
attune,1
viiis,1
fallen,4
noted,10
craves,2
tranny,14
send,80
hearing,4
duneeeeeeeeeeeeee,1
covens,1
companie,1
controlling,1
astoninshgly,1
damn,433
socialising,3
depressed,14
caregiver,1
rips,1
mailling,1
shaped,4
pokecenters,3
marble,1
brisk,1
counsellor,3
monopoly,1
database,1
tryibg,1
theo,4
geoguesser,1
managed,8
adaptas,1
means,73
hyping,1
yuriiiii,1
mysteriously,1
instructions,5
framing,1
collective,1
crows,8
ceremony,1
meant,63
bearly,1
refrance,1
oooooon,1
star,42
carrots,3
tutorialreference,1
safetiriwingl,1
evolutionary,1
käse,1
productive,4
erection,1
documenatiton,2
mornin,17
prob,2
femmes,4
chrome,2
student,8
rephrase,2
sarcasm,3
fuhngskin,1
forests,1
comisiion,1
jike,1
sign,16
vlaning,1
factory,5
aint,90
things,196
targets,2
declared,2
thirstin,1
doses,2
learned,25
acting,8
lesbean,1
based,156
damaging,1
aishite,3
juju,1
camp,6
ahhhhhhh,1
balance,9
mcgee,2
potentially,3
coach,5
amash,1
haiiii,3
papas,1
multiplying,1
qualified,4
peeing,1
college,10
clubbing,2
plsplspls,1
purplish,1
boylove,2
adamant,1
chastity,3
athena,1
cords,1
transition,19
hemipenis,1
appreciated,5
hammah,1
australia,43
abusive,6
accent,9
tusks,1
harassing,2
bebop,1
womenz,1
bdjwjsocjsnozjdjsidneartsyblushcow,1
ransack,1
tiredddd,1
merino,1
flaps,1
griddy,1
thrones,1
feeble,1
nero,1
hairclips,1
freaking,2
quickly,14
trickier,1
irlrandom,1
username,8
straight,50
tinnnnny,1
whistle,5
shot,45
punching,6
burgueria,1
warm,22
opened,12
incharacter,1
evry,1
robogirl,1
afrobull,1
alice,2
clients,2
precisely,3
recent,17
ryzen,4
damb,2
upsetti,1
dries,1
nmever,1
freeza,2
ramonas,1
description,6
warhound,1
internally,1
dumbass,8
liessss,1
sickness,2
crashes,3
savestate,1
tyranid,285
overshadowed,1
yeahhhhhhh,2
temple,1
classy,1
orange,21
refills,1
division,1
thankyouuu,1
candles,5
autsim,1
sodium,1
requiring,2
flinged,1
homs,1
ababababababwa,1
pilbug,1
fuckers,18
gald,1
ultra,9
shabari,1
hough,1
attacked,5
hairballs,1
background,11
enuma,1
picrew,3
yanquis,1
criticize,1
extra,51
verse,2
nightmares,2
lethal,9
spurt,1
hotness,2
okaaaay,1
pickls,1
tasmania,3
quads,3
idol,6
clutch,4
gahdaym,1
wednesdy,1
milfs,3
suspected,1
saying,123
cryed,1
rightoids,1
secret,15
redditor,1
quiet,5
maggot,1
worldbuilder,1
fork,1
alas,2
comfy,23
epoc,1
shrinks,1
sufr,1
harassment,1
potions,1
cheap,22
wipes,6
rifle,3
soap,4
races,9
proposal,1
shorthair,1
babe,22
adjustments,1
oldschool,2
learmed,1
earrings,2
peincess,1
istg,1
gooo,16
discussion,5
entertain,1
mutant,2
grrrr,2
regression,1
mutilate,1
rwby,1
navy,2
statue,2
zone,15
assim,1
meth,4
bitching,2
organ,6
ayoo,2
sinders,1
singer,3
diabetic,1
vinnie,1
beloveds,1
ingot,1
beloveeed,1
harassed,2
arse,1
thincurvy,1
infently,1
mutie,1
attempted,2
ouroborosed,1
psychological,2
tragic,3
blessed,10
algins,1
boil,4
johny,1
liquids,1
term,21
arise,1
cared,7
horseracetests,1
pinkies,1
deals,6
trend,3
guilt,7
woahh,1
duck,5
sorryyyyyyyy,1
defs,1
implication,2
asuka,2
wrists,6
regrow,1
psychically,1
programmed,4
wedded,1
yayyyyy,2
admiring,1
voyage,1
yeag,2
dreams,12
tome,2
shuga,1
silt,1
roids,2
bridge,1
𓁃,2
sljdksks,1
traffickers,1
watcher,1
hunted,4
chulainn,2
manipulating,1
yeaaaaaah,1
smeared,1
contain,3
growthmaintenance,1
gpus,1
finneee,1
marvelous,3
deng,1
mhmmmmnghjk,1
thonk,3
donates,1
riskier,1
circa,1
riddle,1
witness,1
elder,1
plates,5
expletive,1
oodie,1
omgay,1
symbols,2
material,8
pointed,4
screech,2
warlok,2
ingredient,1
fluently,1
fever,3
hags,2
oclock,1
data,12
dampen,1
canes,3
laze,1
jalapeño,6
shock,9
nemesis,3
awfhnkajew,1
accurate,22
secure,2
seagoddesses,1
basement,5
trifle,1
vocaloid,1
dwellertiriwingl,1
𓀪,1
macrodose,1
nontraditional,1
dbouble,1
ambushed,1
gram,2
else,108
dictionary,9
blasphime,1
badly,5
artole,1
zealot,1
ababababa,4
zigbiel,1
hedgehog,2
collapsed,2
banes,1
grilled,3
spiking,1
incorrect,3
accepting,3
contromler,1
kyle,1
𓀴,1
photos,12
ikanzame,1
pocket,7
lack,12
mega,16
guard,7
licks,6
swims,1
appart,1
gyaddd,1
evening,4
redbubble,2
occult,2
beleave,3
shrimps,15
overrule,1
unaligned,1
justified,1
quake,1
bras,5
males,4
dishes,10
makima,6
rooftop,1
peeks,1
quests,3
indie,4
gamedev,1
laced,3
mrraaw,1
realizes,1
slowing,1
unknown,3
transing,5
soaked,1
controll,1
yips,1
drone,1
colder,2
stirfry,1
deserted,1
nevery,1
freak,27
dicktip,2
patchyshake,1
manipulate,2
barks,4
bottomlike,1
genjutsu,1
skewer,1
wooooo,1
fantasies,2
boymoder,1
discribe,1
nanami,1
carrie,2
morgan,3
hdkaa,1
beetles,3
brothels,1
short,46
dated,16
impregnation,1
waterfall,1
assigned,1
beginner,1
drenched,2
cellocsmug,1
startingrushing,1
stimulating,2
votes,3
drawing,28
overdid,2
daddy,3
okease,1
minors,7
lookin,4
worries,8
interfering,1
pregnancy,1
shape,11
really,549
unfumbled,1
hurtling,1
spiraling,1
arceus,4
reads,2
pawggers,1
arii,3
christain,1
wheel,11
slugcat,1
revealed,2
superhero,1
triangulated,1
career,2
hardcore,3
rico,7
misses,3
dial,3
composition,1
foreamr,1
struggle,10
paris,4
mmhmm,1
brainwormed,3
helllo,1
rivalry,1
mediince,1
recognizes,2
woweie,1
freezer,2
notation,1
owie,2
lockon,1
cloth,3
sorrry,2
uhhh,21
jerma,2
mmffggggg,1
floridian,2
syril,1
stays,2
itinfront,1
license,8
youuuuuuu,1
hewwo,10
thinker,1
wify,1
paranoia,1
outlets,1
heard,69
estrogened,1
slanders,1
estimation,1
admit,33
events,12
chronically,2
bioessentialist,1
valid,46
rebooting,1
astartes,2
viel,1
onsale,1
impratical,1
reeeeeeeeeeeeeeeeeee,1
philosophies,1
tractor,1
emission,1
sauces,1
distracting,2
retarded,32
joggers,1
ikemeru,1
crossed,1
lobotomy,1
leylcwag,1
osrs,5
charictor,2
dysfunction,1
stronk,6
kiryu,7
incresing,1
ciel,1
gargoyles,1
camo,2
church,4
hatched,1
instructer,1
stomped,1
hehehehehe,3
massively,2
bearer,1
cloaca,1
untruths,1
individually,1
sera,5
saturday,14
pronouns,4
visible,7
boost,3
pixel,5
pertained,1
krabs,3
crank,2
haver,2
kachowd,1
second,83
cocky,1
subfunctions,1
coatfur,1
gripgripposhinji,1
uniiii,1
loolol,1
niri,1
pear,3
puts,11
kuzes,2
palicos,2
racing,3
removal,3
originated,1
point,112
paradoxs,1
terrifying,5
woaaaa,2
subplot,1
spotted,9
yeeessssssssir,1
ladders,1
tsunami,10
spitefully,2
tears,1
lizzies,2
kissy,2
kakarot,1
wednesday,12
keknfnamhxksjndndjs,1
cyberpunk,3
alma,2
emotionally,4
circle,10
remain,2
repurposing,1
polychrome,4
confront,1
innovator,1
private,9
west,5
legit,34
stretched,2
vids,3
delivers,1
isuggestforcefem,2
googong,3
firsthand,1
jinkoes,1
damit,5
tempura,1
grateful,2
noooo,30
saaaaaaaaameeee,1
flog,1
plot,14
rdls,9
chew,5
those,209
bazett,2
crossplay,1
gomen,1
aunties,1
rattling,2
same,356
criss,1
woaaaah,1
translation,5
focusing,3
subclasses,1
spag,1
defamation,1
flipper,1
metabolism,4
lustily,1
secretly,3
scheme,4
bringin,1
tests,8
extrovert,1
mainly,8
spell,17
praise,19
tittiesartsycrycow,1
progesterone,15
awawawawawawaaawa,1
singleplayer,1
firemoment,1
silco,1
bounced,3
qualifies,1
knives,3
buffer,2
alos,1
wargame,1
aldi,1
kendrick,5
vibe,16
nonexplicit,1
astoria,1
snart,1
near,31
alisson,2
shave,9
yessssss,3
recreate,2
purging,1
jnconveniences,1
stack,7
containment,1
fentanyl,2
experiecne,1
balistic,1
mmmmm,27
pension,1
mystical,1
stained,1
ravage,1
blame,13
actually,386
toys,2
tenkaichi,1
bozo,4
tremendously,1
highly,5
babysitting,1
finsihed,1
makeup,13
federal,4
attempting,4
notarist,1
appreciating,1
malware,4
mhmmm,2
transgenders,1
soldier,7
legal,28
longing,3
hooters,2
heheheheyay,1
uhhhhhhhh,1
invoices,1
yearning,1
crates,3
disconnected,1
forks,1
reeeeaaaal,1
electrical,1
crumbs,1
properly,41
sink,7
bandersnatch,1
hogged,1
togethetlr,1
racket,1
myway,2
spelling,7
ittiriwingl,1
doomerass,1
halla,1
conducting,1
blush,9
nice,237
stubborn,4
cosmetic,1
lesbains,1
novella,3
nova,3
jerry,1
disgusting,5
lezgoooo,1
spaaaaaaaaaaaain,1
baton,1
seeee,1
contained,2
𓁂,1
talents,8
bwuh,10
prevent,5
speech,8
unserstand,1
stood,2
upfront,2
porra,1
cyproterone,1
sleeves,4
oppression,1
safi,1
gahd,2
gringa,1
blankies,1
lusty,1
produced,4
ignorant,2
features,3
crycat,1
hamburgers,1
wingman,1
cognition,1
reeeaaally,1
uncontestable,1
transmission,1
characters,37
scrolling,8
anthony,1
laimalicious,1
window,11
gfspouse,1
lost,61
prospero,1
offense,4
griddyarc,1
tennis,3
waisted,1
immigrate,1
survivor,2
breast,4
dragons,6
haiiiiiiiiiiiiiiiiiiiiiiiiiiiiiiiiiiiiiiiiiiiiiiiiiiiiiiiiiiiiiiiiiiiiiiiiiiiiiiiiiiiiiiiiiiiiiiiiiiiiiiiiiiiiiiiiiiiiiiiiiiiiiiiiiiiiiiiiiiiiiiiiiiiiiiiiiiiiiiiiiiiiiiiiiiiiiiiiiiiiiiiiiiiiiiiiiiiiiiiii,1
peri,4
grah,1
helllll,1
atoms,1
american,21
hires,2
livid,1
sniw,1
shelodn,1
soul,52
commands,25
armegedon,1
arcana,1
original,19
derogatory,8
games,74
levels,18
whaaaaaa,1
triplesec,1
𓀊,1
sideshow,1
terfy,1
expects,1
lyftuber,1
boat,9
flasks,1
workplace,4
snooze,4
danes,1
aaaa,8
pawroblem,4
gossip,3
xkcd,1
vaush,2
skelepathy,1
process,21
mistype,1
beleza,1
succumb,2
keymashed,1
mute,4
fatigue,3
autofister,1
energies,1
pope,7
thingggggg,1
pistol,7
truuuuuuuuuuuuuue,1
pump,22
leep,1
stones,1
niger,2
applicants,4
vegas,5
cutters,1
barrier,1
yaaayy,1
refundable,1
impressed,8
cisgendered,1
twinker,1
tactical,4
bohemian,1
reposted,1
miniature,1
warlock,4
walls,7
wack,5
dyong,1
idiots,3
normie,1
awwwwww,4
months,61
mics,1
sensory,7
secretary,1
mobile,5
haiiiii,1
heeler,1
drown,6
vehicles,3
yuumi,1
specificly,1
hairloss,1
accomplishing,1
weirded,1
appear,1
goof,1
mmph,1
falls,10
observe,1
transvestigator,1
club,5
slayed,1
𓁈,1
tuck,13
deft,1
redneck,1
fagger,1
finals,4
sriracha,1
frotting,11
locks,3
rotted,3
faggier,2
antagonist,3
ladys,1
dungeon,6
acronym,1
pinky,2
kratos,1
shop,14
sniper,6
ggooning,1
whistles,1
rapist,1
asscheeks,1
sister,26
votekick,1
ingest,1
bane,2
vicinity,1
hasdiohoa,1
someome,1
predicament,1
worry,62
innnn,1
flustering,7
raced,1
brands,4
handgun,1
going,268
manga,39
brats,4
train,39
herald,1
futa,1
troubleshooting,1
interpret,1
relates,1
wweh,1
boobed,1
nite,1
strings,3
suppliers,1
teeny,6
throckmorton,1
boots,4
yessssiiir,1
mandarin,4
samesies,3
makoto,1
seminude,1
destroyed,10
environment,6
boner,3
seikon,1
asleep,27
gghhh,1
spices,5
khan,1
return,6
coat,8
hfjjfg,1
haiti,3
hewoo,2
mage,4
suffered,1
cached,1
ballbusting,1
francis,2
bitty,5
larpers,1
beverly,1
middlehigh,1
headkng,1
quiz,3
isitchu,1
lala,2
evelyn,3
reblogged,1
nuggies,1
sizes,2
mushroom,2
weaponry,1
faint,1
wufkc,1
quantify,1
aesthetics,2
imperium,1
calories,4
ironing,1
names,28
awoogas,2
camilla,1
anyway,76
canbus,1
dreamt,3
sapphivore,1
driest,1
crush,11
ravenor,1
dimmadollars,1
kono,1
anttube,1
traffiker,1
racial,2
firearm,3
preqorkout,1
matthew,1
tasty,15
lebanese,1
shady,3
generational,1
shaun,1
infitly,1
novel,6
sane,17
clog,1
stripadore,3
rawr,12
cruise,1
restrictions,1
avrae,1
secondaries,2
smollest,2
etto,1
whimpers,2
desperate,7
hatman,2
charm,4
suxess,1
yucky,2
imagining,9
groan,1
execution,1
transitioning,10
edituser,1
bbut,1
shangrila,1
daym,1
startup,1
youuuuu,2
dislocated,1
twas,9
clank,1
identifying,1
kissies,1
throws,3
subtle,4
recs,1
flattest,1
marcille,1
hatefulness,1
guyssss,1
goon,46
niji,6
emote,6
giggled,1
pointtt,1
scholarship,2
jinxed,1
smalls,2
sigma,2
guano,1
legday,4
seasons,2
teasing,14
octopus,1
cement,2
onios,1
fuckshit,1
fighstick,1
underhand,2
witches,2
shibari,2
thcentury,1
country,32
central,2
horniness,6
cereal,4
conversation,15
retardedly,2
instanty,1
fishin,3
petpetpet,1
competing,1
smells,18
executing,1
goody,1
requirements,2
pencil,1
wrapping,1
replicated,1
prod,1
demooman,1
hourrrrr,1
yeaaaaaaaa,1
curve,5
chilli,6
farting,5
titty,1
sever,4
duid,1
continue,19
knowwing,1
thatthe,1
diss,2
pages,4
frogwithhumanteeth,4
hears,1
ellow,1
yagoo,5
ynnari,1
whities,2
teaspoon,1
looklooklook,1
telephone,1
fill,22
underside,1
underlight,1
armour,6
tiiiiiime,1
last,173
bluegrey,1
lilnekocheer,2
dhsisbishs,2
immedi,1
tboys,2
inevitable,2
jeem,2
imnot,1
horned,3
chatting,3
sons,2
stomp,2
physicalness,1
autopilot,1
raised,1
entirlly,1
deeper,2
smiledog,1
ciggy,1
pluralkit,1
agree,74
decond,1
books,28
scullin,1
escalating,1
motivate,1
niiice,3
alike,4
allocation,1
illed,1
markers,2
oweie,1
dogshit,5
clicking,2
langos,1
sideways,3
shittily,1
dosage,5
homovore,1
exit,1
ouch,12
formulate,1
freakazoid,2
charges,3
balancing,1
heaven,3
nuuuu,1
sumthin,1
deny,12
directly,11
marxiplier,1
helpin,1
pickles,8
translate,8
framework,2
laser,12
entered,5
nitw,1
useing,1
humps,2
asks,4
genderplasma,1
pani,1
hmmmm,5
eagerly,2
overestimated,1
perverts,1
ballistic,1
sport,7
camaro,1
judgement,3
denim,5
dawin,1
tissue,1
bros,9
ethel,3
generation,5
sheperd,1
ordered,10
gudd,1
change,82
providing,1
eaters,1
stirrup,1
plucking,1
mouthfeel,1
share,47
gifs,12
indicators,1
neednt,1
innocence,3
three,40
shooould,1
explosives,1
wahtghdgfdjkgh,1
lever,1
transitions,1
oghkay,1
decreasing,1
batteries,3
peacocks,1
tension,1
humble,7
koalas,3
θώθ,1
employees,1
kamasutra,1
bride,1
turaga,1
aces,2
dialogue,3
teeniest,1
satellite,1
dilute,1
walkin,1
purpose,9
foil,1
visiting,1
misunderstood,2
ahah,3
ignika,1
props,1
haircut,13
wing,2
tooartsycrycow,1
interventions,1
felled,1
fetish,14
downloading,4
year,102
geese,2
talkies,1
seasonings,1
whilst,4
fade,2
halonyeah,1
feijoada,1
took,78
typhlosion,8
jkkkk,1
trusting,1
flyswim,1
stuffs,5
snakebites,1
philippino,2
against,62
grammeowster,1
boffum,1
melbourne,5
argentinians,2
future,11
finicky,1
grey,9
pictures,5
woobie,2
peppermint,2
deaf,1
shelling,1
dayyyyy,1
juuuust,1
dwaw,1
intentions,5
beanie,4
aussie,6
waffles,1
appointments,1
craps,1
milfgilf,1
rights,8
bwuhh,1
circing,1
chokes,5
briefly,3
cardinal,1
shutupppp,1
illegible,1
stingray,2
precedent,1
shin,5
vccc,1
wider,1
ubering,1
heylumi,1
slimes,1
blankly,1
upgrates,1
rather,35
ranni,1
cmere,17
lights,12
config,3
cannibalistic,2
chorizossausages,1
patient,5
sofa,1
mmmmmmmm,2
charted,1
espanol,1
bwave,1
lingers,1
radeon,2
multitiddies,1
belittled,1
suuucks,1
nonono,1
encounter,1
butler,1
lile,1
nahhhhh,5
unfuckingfortunately,1
hoyts,1
toobswonk,1
toxicyuri,1
frogie,1
trainer,4
flawed,1
rotator,3
teach,29
experiment,5
bingeing,1
considers,1
pile,6
audiotechnicas,2
waiitng,1
carboard,1
nurses,1
added,27
jumper,3
cider,17
knockers,1
saves,2
virtually,1
flagship,2
thirstposts,2
soad,2
stalks,1
niño,1
microscope,1
whiffs,1
domelike,1
flowglows,1
rubbing,3
ooooooooo,1
hobby,5
irrevocable,1
relatively,5
percentage,1
stank,2
wplace,1
boobies,2
global,3
intemediate,1
shhhhhh,4
mmmium,1
acclaimed,1
amazed,1
lugnut,1
plex,10
milkshakes,3
carole,1
compound,1
wiggle,1
drinks,11
pennant,1
agreeably,2
oksy,1
thickens,1
whatre,2
snicker,1
senpai,1
legally,19
onwards,1
myehhh,1
thise,1
deepthroat,1
hail,2
restaurant,10
youce,1
adasdhasdjhasda,1
concha,1
updates,5
hoiiii,1
wahuuu,2
housemates,2
evenly,1
litre,1
fried,19
shorty,2
origami,1
bags,5
during,40
hahahah,1
piped,1
cruz,1
finances,1
spill,1
ypeanits,1
nicd,1
saving,8
aiming,5
overfag,1
ooooh,6
traumatic,4
nuff,5
wuss,1
roasted,3
mages,5
elves,3
chancla,2
lately,7
tinier,1
galactical,2
goaglymoagly,1
ohmygodasjkfhsdk,1
subjective,1
streamer,8
sumo,1
eaaaat,2
atchya,1
champ,1
blushing,8
belco,2
hatsune,12
bunt,1
habits,1
realsies,6
gendo,1
find,154
hehim,1
inclined,4
pooonkin,1
bbyg,1
bareable,2
focus,30
sealing,1
teens,3
cloudie,1
predicited,1
opera,4
kruumsos,1
classical,1
stonks,1
omegalul,2
counterspelledcanceled,2
appropriate,2
𝓯𝓻𝓮𝓪𝓴𝔂,2
sovietic,1
spat,2
uuunwashed,1
cynthia,4
scoutgirl,1
doctor,24
karchunk,1
squeezing,3
iced,3
losers,1
amano,1
transdex,2
hyperactive,1
camping,1
𓀃,1
woawbased,1
educate,2
priority,4
deceipt,1
phrases,1
merry,12
alert,8
zorrilloa,1
rental,2
messaging,1
reviews,4
henry,2
strun,1
huers,1
antony,2
squeal,3
skim,2
thankyou,2
sewing,2
dastardly,3
shell,21
burbled,1
contentious,1
crystals,1
rejected,4
yaaaayyy,2
slaanesh,2
chose,4
processor,8
tycoon,1
ughhguyyvbmiebubgmorbning,1
getchu,1
vampire,14
fiends,2
scraper,1
cheaper,14
opinion,23
schleep,1
graduated,4
gagged,1
highground,1
rounds,3
trefusis,1
yuck,2
earings,2
conditioners,1
muteunmute,1
intimacy,2
puerto,6
watermarking,1
sneakers,1
nostalgic,1
twaoh,1
moans,5
logical,2
stocking,6
clones,3
overlap,3
manageable,1
crimson,2
kurmsus,1
remi,13
squads,1
aome,1
bowl,18
generosity,2
garbage,3
pose,8
circumstances,2
girlcockx,4
cumdumsters,1
extreme,9
walgreens,2
serrano,1
𓀜,1
unwashed,3
slime,6
pork,12
spiteful,1
cameras,1
classics,1
crusade,1
hittin,1
readying,1
randoms,3
freakiest,1
akjsfcndskjvhdsjk,1
pointing,3
acetate,1
necrobinder,1
shine,3
gaunts,2
draco,1
spoit,1
pleasure,11
encrypted,1
training,43
nipple,7
paranormal,1
amirite,4
orgasm,5
delectable,1
high,76
designed,3
yeas,2
vamp,1
technician,1
𓀂,1
refined,1
tryharding,3
deaky,1
blockers,16
sleep,183
lentils,1
pathetic,4
heyyyy,4
hear,104
stripevil,2
gallery,3
godsend,1
speen,1
puuuppyyyy,1
zombies,1
active,16
fierce,1
raids,2
windrose,1
aging,1
shithouserespectfully,1
ergo,1
damage,49
manila,3
loveable,2
structures,2
forgets,2
drugz,1
cuddles,17
cave,8
peanut,4
stim,3
hooray,4
dontt,1
banged,1
cancel,9
stay,42
priorities,2
strippers,1
thingie,1
loader,1
deer,1
apples,3
causetiriwingl,1
snapcube,3
duna,1
gloss,1
products,8
ranked,1
assassination,1
plane,8
bodys,1
enter,9
reclaimed,1
dabhandleft,1
crazies,2
counterspelling,1
securing,1
psychadelics,1
fueck,1
teeth,17
musturd,1
cmon,10
shutupartsyblushcow,2
chasers,3
spells,3
twothree,1
search,14
hockey,1
chapter,12
hollow,8
heyyyyyyyyyyyyyyyyyyyyyy,1
tastinf,1
fooled,1
cartoon,2
speedrun,4
megan,3
masturbation,2
mimic,5
unknowingly,1
baaybieeessss,1
choco,3
fashion,9
cruel,3
climate,1
dios,1
irmão,3
gaytm,1
punish,1
went,111
gunning,1
skewers,1
bloods,4
dyna,1
ceaser,1
behind,33
intimidation,1
defur,2
appetite,1
pcos,5
goddessshy,1
autolog,1
brink,1
oven,5
songs,20
waow,8
paypal,4
idols,4
understanding,5
sustainable,1
devices,1
meats,3
mining,6
luppy,4
cogent,1
bullying,14
hovering,1
storyboarding,1
nearest,1
𓀗,1
huntress,1
gaming,9
deepl,1
greatgreat,1
hidden,7
jeans,11
plays,7
quarrel,1
cait,2
dumbo,1
weve,16
aparently,1
tiring,1
behave,2
doremifaso,1
unsent,1
lmaaaoo,2
exterminate,1
overwolf,2
binge,6
consideration,2
looks,175
mama,11
performance,3
hewo,2
simpler,2
instead,77
ttrain,1
madam,1
flow,8
pits,6
abra,1
palace,1
support,37
hyenas,1
jaket,1
intelligent,3
lemao,1
throb,2
precache,1
naco,1
stage,9
unused,1
fabrics,1
funding,1
worse,51
fuwfags,1
drops,4
loopy,1
ayyo,2
tanks,16
melatonin,1
shaman,1
gooooooooooooooooo,1
clankers,1
rhea,1
geneseed,2
realised,7
eheheh,1
standalone,1
removable,1
various,2
dweller,1
shameful,2
fair,245
milf,13
yeeeaaaahhhh,1
competitive,4
gentle,5
ironic,4
nimi,1
employed,2
truthfully,1
bend,3
appreciator,1
goddammit,1
oblivious,1
luck,58
giggle,1
sunglasses,1
messages,17
landfa,1
prescience,1
lids,1
kopiko,1
migjt,1
occasions,1
mindless,3
flag,10
ipad,3
wifey,5
tire,3
sewerslvt,2
plapping,1
vups,1
moomoo,1
loss,11
burat,1
omnics,1
tries,3
complimentary,1
shiro,2
ocean,8
concentrate,2
summary,1
glance,1
suzukis,2
worried,12
slim,2
pokecmon,1
asmongold,2
affectionate,3
librewolf,1
wizard,10
thouhh,1
siiiiiigh,1
fullscreen,2
vulkans,1
editors,1
undeserving,1
birthdat,1
acatdroolloveyum,1
nahs,1
blacks,2
sacks,1
cringiest,1
flipside,8
kickthrow,1
familiarity,1
intersinf,1
lesson,7
frontly,1
casually,5
undone,1
pick,39
roam,4
ethics,1
gala,1
implode,2
named,29
session,13
stroke,4
fearsome,2
watchlists,1
gnelf,2
casting,1
eventually,11
factspitter,1
bustin,1
papyrus,2
dismissing,2
chef,3
smooches,1
early,43
failing,2
froge,3
raaaah,1
plushies,6
gayass,1
artsyheart,23
mauve,1
portuguese,19
goooooooo,1
fagot,1
loop,6
fateapocrypha,1
imperator,1
kangaroo,1
patpatpatpatpat,2
transgirls,1
territories,1
plushie,3
firstly,2
unholy,1
lieks,1
trickery,1
transformers,3
receive,3
technicality,3
rizzing,2
unironically,19
fuuuuuuxk,1
grimdark,1
disk,2
waaaaay,1
ribbon,1
horse,21
breed,9
elae,1
exidols,1
enought,2
motivates,2
𓀖,1
zebra,2
jelly,3
nerdy,8
sleeb,1
stil,1
advantage,3
inch,9
able,76
gentlemen,1
progress,13
ping,19
relevant,3
hypno,10
seed,3
bahongas,1
licking,1
steak,7
soapy,1
foods,5
esports,1
weirdo,1
aeldar,1
sympathy,1
heal,8
autists,1
initiate,1
catyes,2
brizillian,1
smoof,1
boned,2
centrelink,3
aesi,1
rankings,2
intresting,1
prepared,9
mowhnurning,1
rubbish,1
clink,3
platinum,2
jedi,5
likeness,1
extensively,1
lovers,3
tangents,1
postop,2
abyss,1
uncontested,1
facefuck,2
freeeeeeeeee,1
micky,1
cigs,1
balling,1
crust,2
submissive,6
remebering,1
safewords,1
merced,2
fictional,3
poppin,1
lesbo,1
ftmtn,1
decreases,1
flicker,5
unfathomable,1
legumes,3
bidyeo,1
wraith,1
homoerotic,1
birthbirfth,1
pito,1
yoyoyo,1
pleasuretiriwingl,1
students,3
tree,14
bongotap,4
jusf,1
wowee,2
religious,2
corpo,5
obssessive,1
scalp,8
emma,2
tense,2
event,17
antilgbt,1
blåhaj,2
unmitigated,2
transaction,1
nightwing,1
irrelevant,2
lezgooooooooooooooooooooooooooooooooooooooooooooooooooooooooooooo,1
poggies,1
goten,1
soup,23
bang,6
whoaaaagaagag,1
tulgey,1
temperature,6
disassembling,1
teaming,1
truma,2
magma,2
rant,3
eyecandy,1
redstone,1
biig,1
nowhere,7
malo,1
relations,3
ababahdbaisvs,1
trace,1
avantris,1
aromantic,1
coven,1
labor,7
terrible,9
noodles,23
awwwwwwwwwwwww,1
damnb,1
kaine,1
degenerate,3
respected,1
uuuum,1
misstyped,1
escaped,1
bingos,1
fucr,1
ooooooooooooh,1
corner,10
yeeesssss,1
cabin,2
yipppeee,1
noctures,1
tran,2
knjbe,1
arrival,1
vaguely,3
faking,1
heartedly,1
downer,1
twinning,3
undisclosed,1
diving,1
exes,5
struggled,1
werewolf,2
measure,4
blanks,1
techbros,1
package,4
broadcom,5
dumping,1
provoked,1
surfacing,1
firm,3
arentcha,1
whyd,4
fragile,3
dezaki,6
octyllery,1
summoned,5
beheaded,1
repeating,1
align,1
guest,1
devoted,2
ffffuck,1
waaait,1
injsut,1
missed,21
pubby,4
fake,30
explanation,5
whoosh,1
attatched,1
driven,1
thwre,1
golem,1
subscription,4
useless,4
redeemed,1
okkie,1
thinking,102
lukc,1
recurring,1
helicariere,1
correctly,6
hushies,1
qualag,1
malvasia,1
institutional,1
brazilian,57
𓀓,1
wuuuv,1
psychosis,1
bitcoin,1
upon,17
kumsus,1
appeared,8
glognak,1
substances,1
volta,1
grandpa,5
litteralyl,1
lunges,1
rock,28
applying,5
directing,1
rizzlord,1
approaching,5
seattle,2
instrumental,1
oooooooooooooh,1
rarest,1
misinformed,2
mustve,1
toasts,1
headass,4
sympathies,1
yield,1
azur,1
catch,29
raises,8
fermenting,3
chacne,1
march,5
ooooo,5
alccohols,1
lane,2
uhhj,1
accidentally,15
travelled,1
existent,1
bootswedges,1
promis,1
cryptid,2
homelab,1
usps,4
flusted,1
liquor,1
mono,8
yoyr,1
pulverize,1
strawberry,8
yeee,27
simplistic,1
issokay,1
listing,1
secondly,1
povvo,1
uncomfy,1
context,27
shittttttttttttttttttttttttttttttttttttttttttttttt,1
character,93
realizations,1
ever,164
exactly,105
dare,19
quanity,1
them,640
noooooooooooo,2
sorgy,9
boganing,1
howsit,1
pardon,2
dang,46
zijn,1
duper,1
burnt,4
excess,2
cows,3
whaxj,1
colouring,1
traumatized,1
nutal,1
interchangeable,3
totle,1
asexualdemisexual,1
rednecks,1
ledge,2
type,71
terrified,2
ajdhskjf,1
doth,1
princess,24
pastry,1
spez,2
orientalist,2
ubisoft,1
calibrated,1
hebrew,1
jackass,1
eating,59
ttomorrow,1
certainty,1
meterpolis,1
hype,8
june,4
therapist,3
cult,5
jkjkjk,1
responses,2
hthis,1
osmosis,1
yisss,1
breathe,6
stuffed,4
grabby,2
greetings,2
spikes,1
nicoles,3
drake,1
aroma,1
shelves,5
bomb,15
vine,1
countrys,4
corsets,3
valley,2
lotta,4
yesyesyesyesyesyesyesyesyesyesyesyesyesyes,1
braincell,3
lead,12
billion,19
couches,1
mrrreowww,1
arpg,1
wayy,1
lesbianplead,4
smoked,8
community,21
bedsmug,1
spree,2
illnesses,2
ifunnyco,1
adoration,1
heat,23
hypnos,1
guess,160
warriors,4
justin,1
understandably,2
mcaffee,1
nemo,1
curbstomp,1
vita,1
orchiplasty,1
confirmation,1
spit,12
tryin,3
spiders,4
filing,2
summaries,1
vaccine,1
wrist,14
alseep,2
whatchall,1
discipline,3
puippy,1
kennel,1
bruises,2
thses,1
whys,4
durr,1
misspelling,1
hellll,1
𓀋,1
already,231
extinction,1
thay,4
fent,1
hasnt,16
dubs,1
eviscerated,1
whar,2
sheds,1
loooove,2
neeeeeeeed,1
phones,1
bail,1
shits,12
contraptions,2
yayyy,3
tempremental,1
subzone,1
lyin,1
safeley,1
slave,3
willingly,1
pornstars,1
scam,3
warning,17
morinng,1
roxk,1
lots,34
stands,5
hook,6
soweye,1
modifications,1
kickin,2
contact,6
name,253
frabjous,1
purtee,1
uninterestingly,1
finned,1
wayyyyyy,1
hugboxing,1
fells,1
legalized,1
anthropomorphic,1
destruct,2
airachnid,1
hummima,1
heya,10
liker,1
warframes,1
mascot,8
cummy,1
harder,21
cobra,1
plater,2
investigation,1
gotten,25
noticing,4
switches,3
approach,6
simpsons,2
retriever,7
heals,2
bussing,1
𓀵,1
nickname,9
partly,2
yesturday,1
nggghhh,1
paddles,3
accessable,1
passworf,1
grandad,1
leverless,1
arms,45
chemicals,2
role,22
reminding,8
oopsie,2
perfection,1
disagreed,1
rsaygex,1
nilered,1
introducing,4
pricefield,1
feminine,2
technique,9
trucks,1
relish,1
identified,4
gendersex,1
clear,24
bodyperspective,1
railroadrefugee,1
gals,8
impress,6
influential,1
thinning,1
shrampf,1
squirrel,4
rookie,1
spoilering,1
ppaue,1
bowls,2
nighty,6
duality,2
fuckwits,1
traumatize,1
youngling,1
yeeeeeaaaa,1
piña,1
femininity,1
effective,5
wags,1
personalities,4
airi,5
therealcellochestnut,1
miracle,2
bigest,1
bacon,8
baller,11
political,4
landscape,1
pandesal,1
wishing,1
dhaihsis,1
busker,1
spectate,1
flashbanged,1
drip,5
infact,3
swim,7
dysphira,1
marcy,1
hush,2
ages,19
punished,4
news,28
attachment,2
watts,2
devil,9
wants,65
iives,1
gamefreak,1
shuuut,1
rituals,1
meanies,1
noooooi,1
basically,92
ladder,3
vial,4
uniquely,1
fabled,1
jizz,1
legumed,1
hydration,1
surfaces,1
subreddit,9
intolerance,2
sororitas,2
fondle,2
flossing,1
vinyl,1
globalism,2
hire,3
dbbroly,1
proceed,3
aminute,1
hornier,2
workspace,1
osis,1
abridged,1
brasil,1
straw,2
headlights,5
genderbend,1
affecting,1
bayr,1
clownspark,1
akjkajdnanznajsa,1
chungus,3
trail,3
arbitrary,1
climbed,3
pomni,1
smooth,7
ordering,1
smut,11
breadrolls,1
pumped,2
lilgocky,1
cheat,3
flirt,42
whom,3
ahoi,1
reclaiming,1
insomnia,4
nnnggghhhgghh,1
decapitated,1
wavelength,1
outdid,1
minties,2
caff,1
𓀱,1
false,12
left,78
indo,4
𓁉,1
fitness,5
masculinity,1
nerdola,3
elaborate,7
phobia,1
unbound,3
backtiriwingl,1
peoplesomething,1
lmfaooo,5
diverse,2
selfdestructs,1
achievement,3
babyyy,1
bakw,1
vtuber,16
cube,3
swan,1
buceta,3
thanksies,2
cravings,3
dakka,2
belief,3
greek,3
lotion,1
attacking,1
allegiance,1
litteral,2
tracks,1
rewal,1
mmphhh,1
anaylsy,1
conveyer,1
battle,15
rihht,1
loaded,7
driveway,2
intestine,1
incest,11
confined,1
basee,1
molest,1
savannas,1
dragoon,33
seething,1
havr,2
cottontail,1
dming,4
omae,1
barrels,1
consequences,2
abduction,2
express,2
mindbreak,1
tthank,1
maybes,1
woobleton,1
simulator,2
pillbugs,1
vission,1
corrupt,2
brue,1
lumberjack,4
mmmgnnnghh,1
roccult,1
season,17
siberian,1
tinkerin,1
applemago,1
thst,1
nymphos,2
langue,2
exacto,1
𓀻,1
fisuhhh,2
negate,2
arrest,2
gayest,3
hyperbole,1
staple,2
terrorists,1
lagging,1
acceleration,1
nerf,1
mrrraww,1
lure,2
mgmg,1
pets,40
savory,1
founders,1
builder,3
𓀯,1
affirming,6
ladies,6
creative,3
gambler,1
alibaba,1
particles,1
invest,7
facial,6
mangas,3
backlog,1
intuition,1
greened,2
tmxc,1
excited,24
sadism,1
monos,2
elish,1
attached,6
servants,2
truism,1
platter,1
wellrounded,1
distinctenough,1
graphics,4
hotel,1
steppable,2
arcantes,1
manipulation,1
innit,5
yaayy,1
exploited,1
clanks,1
shramp,1
viable,2
homophobia,1
patooties,1
hardwired,1
prince,3
delts,1
nutrients,2
miserable,4
speciality,2
healthier,2
kinkmeister,1
mind,77
enemies,3
chameleoning,1
encumpasing,1
sweeties,4
plank,2
deathly,2
tuesday,15
autocorrects,1
establishing,1
ohwow,1
wurst,1
holey,3
biopsies,1
number,20
activities,7
milkv,2
sickass,1
redoing,2
whiteboy,1
kisser,2
woooooooooo,1
ringo,1
fankyoo,4
jockey,1
rimworld,2
tomorrow,77
belgium,1
meweegee,19
jiggling,1
procrastinating,1
vice,5
snuu,1
foreman,1
legio,1
could,334
makeoutable,1
sakuino,1
ndjdidbfbjfkdkkcartsyblush,1
biggest,23
lobbies,1
golshi,1
protect,6
endorphins,2
smithing,1
perturabo,3
understood,12
thas,4
teenager,1
deja,1
sademoji,2
effects,6
spammed,1
moist,1
neon,1
understandableeee,1
clips,3
setting,9
psoriasis,1
mmmmmh,1
mess,21
shinobi,1
ineresting,1
aest,1
anthros,1
pleaser,2
join,49
maeve,1
extella,1
rhyme,1
draw,44
instability,1
distribution,2
retention,1
ties,7
palicoes,2
baseddd,1
beeping,2
fuuuuuuuuck,5
simplify,1
challwnge,1
aaaaaaa,1
ehehe,1
juices,1
inverse,1
dessert,1
recalls,3
cheerleading,1
woooooooooooooooooooooooooooooooooooooooooooooooooooooooooooooooooh,1
service,20
haters,4
gooooooooo,1
factors,1
yeeeee,5
snags,1
butcher,4
shore,2
roll,244
scoundrels,1
renew,1
waits,1
subtlenotsosubtle,1
expression,6
bridget,8
someone,293
isolation,2
filipinoaussie,1
german,6
fell,17
acceptance,2
trained,11
laudna,4
aches,1
ungabunga,1
pairing,1
prohibits,1
abolish,1
expended,1
dbsihs,1
illusion,2
line,44
nightmare,5
snackin,1
opportunities,1
such,131
squint,2
landtiriwingl,1
gifting,1
yakisoba,1
tiefling,2
soft,47
notified,2
overall,7
easily,40
brownie,1
peep,3
thingy,7
atraxia,1
enby,12
compile,1
unimportant,1
usable,2
supermix,1
preparation,1
initials,1
interacting,1
covid,9
lullabies,1
besides,25
lightcannon,4
emptying,1
carior,1
piss,45
sourness,1
dunkin,1
prequel,1
dock,1
sunfay,1
quakes,1
instrument,1
build,37
karma,3
wingspan,1
majour,1
inaction,1
pedophile,2
generic,4
newbie,1
gofundme,1
selfid,3
diamond,2
optimist,1
mispelled,1
parkour,3
creams,1
macfarland,1
lessssss,1
koatli,1
morniiiiing,2
exceptions,1
badunk,1
toppest,3
hitman,1
translators,1
tinily,1
petty,1
adeptus,1
washiiiiiiiiing,1
beurocracies,1
hema,1
title,22
mask,6
shirtstiriwingl,1
trueeee,1
appears,6
starry,1
hike,3
cartoons,1
monsterll,1
luuuuuuck,1
describe,5
omfg,2
selfie,4
sqlite,1
received,1
leanbeefpatty,3
overqualified,2
fuuuuuuuuk,1
manager,16
phasmo,2
obvi,1
begun,3
hormones,11
whan,1
carbonara,2
surprised,31
eggirl,2
churchies,1
pawgers,1
domesticated,1
makey,1
trading,3
errrmmrmmr,1
syrup,2
often,30
railed,1
tiders,2
shitfuck,1
deleting,3
bruised,2
gifted,6
stereotype,2
wondering,8
foawk,1
keyboard,28
dooooo,2
uuugghhhh,1
biscuits,7
sadistic,1
anxiety,10
absolutely,50
vxtwitter,2
trump,11
peenor,1
stepping,2
pickpocket,1
reporter,2
respext,1
entires,1
aidfhjdhvuierf,1
quantum,1
randomly,7
deserts,1
ourselves,4
decade,6
yahooo,1
supposedly,2
aroaxan,1
godhood,1
tested,3
unemployment,1
eggs,14
torso,2
subhuman,2
monochromatic,1
centric,1
pupate,1
market,10
glorious,5
questionnnn,1
capping,2
reels,5
raora,1
reincarnate,1
vbuck,1
phone,56
cook,45
mushrooms,3
aspd,2
horrifying,2
slimy,2
trim,5
chars,1
hnnngg,1
semiperfect,1
tooartsyheart,3
lostlittlenoob,1
heck,5
evil,33
submarines,1
soungs,1
scales,3
aaaaaaaaaaaaaaaa,1
inside,24
facing,2
raise,10
assessment,2
hero,9
cannibilism,1
powertrain,1
reached,7
woooow,1
móngola,1
jack,14
yeeeeeeeeeeeeeeeeeeeeeeeah,1
woww,1
rael,1
honse,1
destimulating,1
wilson,5
liek,2
industry,4
missss,1
autism,56
aston,2
grass,1
sesbian,2
prescription,8
petals,1
ratio,6
boring,12
evolution,2
mint,2
pheromones,2
conditioned,2
stare,12
bigots,1
prev,2
rates,1
stutter,3
struggles,1
farmville,1
donate,8
educated,1
awwwwwww,3
legend,4
fuckkkk,2
burying,2
naah,1
everywan,1
initial,4
tombstone,1
woohooo,2
physics,2
fateverse,1
welcomr,1
mash,6
chokers,5
crackers,2
nicest,1
regi,1
mutation,1
multitudes,1
mmngghh,1
fagslop,8
fruitsa,1
overheating,4
instasued,1
arkveld,1
speaks,6
goodie,2
grrr,1
revolves,1
clothing,5
spoon,5
apply,14
pepehands,1
heyooo,1
chad,5
veen,1
underrated,1
proportions,2
exhilarating,1
omnissiah,5
latent,1
egypt,2
absorption,1
atlyss,1
whatnow,1
acquitable,1
genius,6
hehehhee,1
hallowing,1
duncan,3
disagree,8
theyve,12
milliseconds,1
frottinf,1
gently,1
fauna,9
liter,3
paramore,1
tailbone,1
ruin,3
domains,1
fyshwick,1
fairly,7
bludged,1
seperated,2
noooooooo,5
centerlink,1
antihomo,1
magdumps,1
edits,3
arguments,2
defaulted,1
chicken,38
views,5
shipped,1
dowgie,1
defending,1
slow,12
allowed,20
reddish,1
shuwut,1
ooga,1
fucken,10
eyboss,1
predominantly,1
socks,9
disorganized,1
across,15
kickbacks,2
penalising,1
sideeffect,1
galbladder,1
hypersexual,1
autonomous,1
chinese,8
bubby,1
greats,1
shield,6
skmeone,1
produce,3
beforehand,3
radhd,1
mocha,2
linus,3
intricacy,1
tight,18
tooshy,1
bdisjwoosidndns,1
labrador,1
boundries,1
soninsane,1
writign,1
hold,84
poly,23
recon,1
uppy,1
enerfy,1
shoould,1
belieeeeeve,1
ahdidheishsi,1
praised,1
maxing,2
adviced,1
dope,6
illia,2
beyond,8
epoch,3
melt,14
fate,43
plus,19
listings,1
personal,13
thankiesss,1
daring,1
curly,6
laugh,16
satisfy,2
ease,1
pity,3
reposting,2
pinocchiop,1
lactating,1
jetters,1
jamie,1
granting,1
ladlesspoons,1
jerryeh,1
track,8
guhhh,1
patch,9
ahahsjdgfsjdhfdskjghk,1
snarling,1
exercising,3
seeeeee,1
nausea,1
passes,1
comms,5
fencing,1
shampoos,1
miso,2
cideo,1
juicy,5
fourth,2
ford,4
usual,14
fruity,7
extention,4
indonesian,7
frontier,1
dozen,1
eyes,60
blinds,4
counterparts,2
growl,4
halflife,1
ccan,1
condom,2
necrodermis,1
fighterz,2
mojavè,1
clearer,1
billie,1
concept,20
eyyyy,2
crocs,4
puppies,24
hehhesczhlelo,1
been,431
nooooooinot,1
inverted,1
print,10
chair,10
effectiveness,2
reptiles,1
realistic,3
murdoch,1
sanguinius,1
hydrolic,1
eliminates,1
whoag,59
cage,19
neuron,2
clockwork,1
lehim,1
burnout,2
backgrounds,1
bets,1
lolololol,1
sandler,1
spng,1
fullness,1
ponder,2
worded,1
hack,7
thinkeru,1
backgrounded,1
pilled,4
cyclops,3
haaaiiiiii,1
connecting,2
kniw,1
realll,2
music,45
truuuue,1
lancer,28
trure,1
vile,1
carmilla,1
thhk,2
capitan,1
awareness,4
huntsman,2
littlest,1
acronymn,1
withering,1
factor,4
𓁍,1
subset,2
happiness,6
fangame,1
cals,5
onea,1
thier,3
hardstyle,1
insignificant,1
balloon,1
brand,16
easiest,7
chungy,1
mcafee,1
clearing,2
puppygirlfarmsshop,1
adhesive,1
borgir,1
handed,3
conquor,1
oblique,1
lightskin,2
casing,2
greatest,1
dialed,2
delay,1
dusney,1
renegade,2
supposed,22
flannelette,1
directives,1
laces,1
swashbuckler,3
expressing,1
buffet,3
integrated,3
hella,54
spread,4
cold,57
uuuhhhhhhhhhhhhhhh,1
plsss,1
polo,1
lists,1
bumper,1
feint,1
miss,60
dooming,1
imperialis,1
week,76
toob,1
pussies,1
monks,1
twansexuwual,1
bundle,1
capture,2
followed,8
causing,1
restless,1
leywaaahanim,1
earned,2
upsidedownies,1
